-- phpMyAdmin SQL Dump
-- version 4.0.9
-- http://www.phpmyadmin.net
--
-- Host: 127.0.0.1
-- Generation Time: Sep 17, 2017 at 06:44 PM
-- Server version: 5.6.14
-- PHP Version: 5.5.6

SET SQL_MODE = "NO_AUTO_VALUE_ON_ZERO";
SET time_zone = "+00:00";


/*!40101 SET @OLD_CHARACTER_SET_CLIENT=@@CHARACTER_SET_CLIENT */;
/*!40101 SET @OLD_CHARACTER_SET_RESULTS=@@CHARACTER_SET_RESULTS */;
/*!40101 SET @OLD_COLLATION_CONNECTION=@@COLLATION_CONNECTION */;
/*!40101 SET NAMES utf8 */;

--
-- Database: `db_stok`
--

-- --------------------------------------------------------

--
-- Table structure for table `t_00audit_trail`
--

CREATE TABLE IF NOT EXISTS `t_00audit_trail` (
  `id` int(11) NOT NULL AUTO_INCREMENT,
  `datetime` datetime NOT NULL,
  `script` varchar(255) DEFAULT NULL,
  `user` varchar(255) DEFAULT NULL,
  `action` varchar(255) DEFAULT NULL,
  `table` varchar(255) DEFAULT NULL,
  `field` varchar(255) DEFAULT NULL,
  `keyvalue` longtext,
  `oldvalue` longtext,
  `newvalue` longtext,
  PRIMARY KEY (`id`)
) ENGINE=InnoDB  DEFAULT CHARSET=latin1 AUTO_INCREMENT=484 ;

--
-- Dumping data for table `t_00audit_trail`
--

INSERT INTO `t_00audit_trail` (`id`, `datetime`, `script`, `user`, `action`, `table`, `field`, `keyvalue`, `oldvalue`, `newvalue`) VALUES
(1, '2017-09-16 01:07:42', '/stok/t_01vendorlist.php', '-1', 'A', 't_01vendor', 'vendor_nama', '1', '', 'Nugraha Inti Mulia'),
(2, '2017-09-16 01:07:42', '/stok/t_01vendorlist.php', '-1', 'A', 't_01vendor', 'vendor_id', '1', '', '1'),
(3, '2017-09-16 01:08:13', '/stok/t_01vendorlist.php', '-1', 'A', 't_01vendor', 'vendor_nama', '2', '', 'Bojonegoro'),
(4, '2017-09-16 01:08:13', '/stok/t_01vendorlist.php', '-1', 'A', 't_01vendor', 'vendor_id', '2', '', '2'),
(5, '2017-09-16 01:08:47', '/stok/t_01vendorlist.php', '-1', 'A', 't_01vendor', 'vendor_nama', '3', '', 'UD. Fahar Jaya'),
(6, '2017-09-16 01:08:47', '/stok/t_01vendorlist.php', '-1', 'A', 't_01vendor', 'vendor_id', '3', '', '3'),
(7, '2017-09-16 01:13:25', '/stok/t_02itemlist.php', '-1', 'A', 't_02item', 'item_nama', '1', '', 'OIL-Minyak Goreng *Bimoli (18 ltr)'),
(8, '2017-09-16 01:13:25', '/stok/t_02itemlist.php', '-1', 'A', 't_02item', 'item_id', '1', '', '1'),
(9, '2017-09-16 01:14:02', '/stok/t_02itemlist.php', '-1', '*** Batch insert begin ***', 't_02item', '', '', '', ''),
(10, '2017-09-16 01:14:02', '/stok/t_02itemlist.php', '-1', 'A', 't_02item', 'item_nama', '2', '', 'RF-Beras Teratai @25 kg/zak'),
(11, '2017-09-16 01:14:02', '/stok/t_02itemlist.php', '-1', 'A', 't_02item', 'item_id', '2', '', '2'),
(12, '2017-09-16 01:14:03', '/stok/t_02itemlist.php', '-1', '*** Batch insert successful ***', 't_02item', '', '', '', ''),
(13, '2017-09-16 01:17:20', '/stok/t_03satuanlist.php', '-1', '*** Batch insert begin ***', 't_03satuan', '', '', '', ''),
(14, '2017-09-16 01:17:20', '/stok/t_03satuanlist.php', '-1', 'A', 't_03satuan', 'satuan_nama', '1', '', 'Jar'),
(15, '2017-09-16 01:17:20', '/stok/t_03satuanlist.php', '-1', 'A', 't_03satuan', 'satuan_id', '1', '', '1'),
(16, '2017-09-16 01:17:20', '/stok/t_03satuanlist.php', '-1', 'A', 't_03satuan', 'satuan_nama', '2', '', 'Kg'),
(17, '2017-09-16 01:17:20', '/stok/t_03satuanlist.php', '-1', 'A', 't_03satuan', 'satuan_id', '2', '', '2'),
(18, '2017-09-16 01:17:20', '/stok/t_03satuanlist.php', '-1', '*** Batch insert successful ***', 't_03satuan', '', '', '', ''),
(20, '2017-09-16 08:40:40', '/stok/v_01belilist.php', '-1', '*** Batch insert rollback ***', 'v_01beli', '', '', '', ''),
(21, '2017-09-16 09:16:45', '/stok/t_04belilist.php', '-1', 'A', 't_04beli', 'tgl_beli', '1', '', '2017-09-03'),
(22, '2017-09-16 09:16:45', '/stok/t_04belilist.php', '-1', 'A', 't_04beli', 'tgl_kirim', '1', '', '2017-09-08'),
(23, '2017-09-16 09:16:45', '/stok/t_04belilist.php', '-1', 'A', 't_04beli', 'vendor_id', '1', '', '1'),
(24, '2017-09-16 09:16:45', '/stok/t_04belilist.php', '-1', 'A', 't_04beli', 'item_id', '1', '', '1'),
(25, '2017-09-16 09:16:45', '/stok/t_04belilist.php', '-1', 'A', 't_04beli', 'qty', '1', '', '30'),
(26, '2017-09-16 09:16:45', '/stok/t_04belilist.php', '-1', 'A', 't_04beli', 'satuan_id', '1', '', '1'),
(27, '2017-09-16 09:16:45', '/stok/t_04belilist.php', '-1', 'A', 't_04beli', 'harga', '1', '', '218000'),
(28, '2017-09-16 09:16:45', '/stok/t_04belilist.php', '-1', 'A', 't_04beli', 'sub_total', '1', '', '0'),
(29, '2017-09-16 09:16:45', '/stok/t_04belilist.php', '-1', 'A', 't_04beli', 'tgl_dp', '1', '', NULL),
(30, '2017-09-16 09:16:45', '/stok/t_04belilist.php', '-1', 'A', 't_04beli', 'jml_dp', '1', '', NULL),
(31, '2017-09-16 09:16:45', '/stok/t_04belilist.php', '-1', 'A', 't_04beli', 'tgl_lunas', '1', '', NULL),
(32, '2017-09-16 09:16:45', '/stok/t_04belilist.php', '-1', 'A', 't_04beli', 'jml_lunas', '1', '', NULL),
(33, '2017-09-16 09:16:45', '/stok/t_04belilist.php', '-1', 'A', 't_04beli', 'beli_id', '1', '', '1'),
(34, '0000-00-00 00:00:00', NULL, NULL, NULL, NULL, NULL, NULL, NULL, NULL),
(35, '0000-00-00 00:00:00', NULL, NULL, NULL, NULL, NULL, NULL, NULL, NULL),
(36, '0000-00-00 00:00:00', NULL, NULL, NULL, NULL, NULL, NULL, NULL, NULL),
(37, '0000-00-00 00:00:00', NULL, NULL, NULL, NULL, NULL, NULL, NULL, NULL),
(38, '0000-00-00 00:00:00', NULL, NULL, NULL, NULL, NULL, NULL, NULL, NULL),
(39, '0000-00-00 00:00:00', NULL, NULL, NULL, NULL, NULL, NULL, NULL, NULL),
(40, '0000-00-00 00:00:00', NULL, NULL, NULL, NULL, NULL, NULL, NULL, NULL),
(41, '0000-00-00 00:00:00', NULL, NULL, NULL, NULL, NULL, NULL, NULL, NULL),
(42, '0000-00-00 00:00:00', NULL, NULL, NULL, NULL, NULL, NULL, NULL, NULL),
(43, '0000-00-00 00:00:00', NULL, NULL, NULL, NULL, NULL, NULL, NULL, NULL),
(44, '0000-00-00 00:00:00', NULL, NULL, NULL, NULL, NULL, NULL, NULL, NULL),
(45, '0000-00-00 00:00:00', NULL, NULL, NULL, NULL, NULL, NULL, NULL, NULL),
(46, '0000-00-00 00:00:00', NULL, NULL, NULL, NULL, NULL, NULL, NULL, NULL),
(47, '0000-00-00 00:00:00', NULL, NULL, NULL, NULL, NULL, NULL, NULL, NULL),
(48, '0000-00-00 00:00:00', NULL, NULL, NULL, NULL, NULL, NULL, NULL, NULL),
(49, '0000-00-00 00:00:00', NULL, NULL, NULL, NULL, NULL, NULL, NULL, NULL),
(50, '0000-00-00 00:00:00', NULL, NULL, NULL, NULL, NULL, NULL, NULL, NULL),
(51, '0000-00-00 00:00:00', NULL, NULL, NULL, NULL, NULL, NULL, NULL, NULL),
(52, '0000-00-00 00:00:00', NULL, NULL, NULL, NULL, NULL, NULL, NULL, NULL),
(53, '0000-00-00 00:00:00', NULL, NULL, NULL, NULL, NULL, NULL, NULL, NULL),
(54, '0000-00-00 00:00:00', NULL, NULL, NULL, NULL, NULL, NULL, NULL, NULL),
(55, '0000-00-00 00:00:00', NULL, NULL, NULL, NULL, NULL, NULL, NULL, NULL),
(56, '0000-00-00 00:00:00', NULL, NULL, NULL, NULL, NULL, NULL, NULL, NULL),
(57, '0000-00-00 00:00:00', NULL, NULL, NULL, NULL, NULL, NULL, NULL, NULL),
(58, '0000-00-00 00:00:00', NULL, NULL, NULL, NULL, NULL, NULL, NULL, NULL),
(59, '0000-00-00 00:00:00', NULL, NULL, NULL, NULL, NULL, NULL, NULL, NULL),
(60, '0000-00-00 00:00:00', NULL, NULL, NULL, NULL, NULL, NULL, NULL, NULL),
(61, '0000-00-00 00:00:00', NULL, NULL, NULL, NULL, NULL, NULL, NULL, NULL),
(62, '0000-00-00 00:00:00', NULL, NULL, NULL, NULL, NULL, NULL, NULL, NULL),
(63, '0000-00-00 00:00:00', NULL, NULL, NULL, NULL, NULL, NULL, NULL, NULL),
(64, '0000-00-00 00:00:00', NULL, NULL, NULL, NULL, NULL, NULL, NULL, NULL),
(65, '0000-00-00 00:00:00', NULL, NULL, NULL, NULL, NULL, NULL, NULL, NULL),
(66, '0000-00-00 00:00:00', NULL, NULL, NULL, NULL, NULL, NULL, NULL, NULL),
(67, '0000-00-00 00:00:00', NULL, NULL, NULL, NULL, NULL, NULL, NULL, NULL),
(68, '0000-00-00 00:00:00', NULL, NULL, NULL, NULL, NULL, NULL, NULL, NULL),
(69, '0000-00-00 00:00:00', NULL, NULL, NULL, NULL, NULL, NULL, NULL, NULL),
(70, '0000-00-00 00:00:00', NULL, NULL, NULL, NULL, NULL, NULL, NULL, NULL),
(71, '0000-00-00 00:00:00', NULL, NULL, NULL, NULL, NULL, NULL, NULL, NULL),
(72, '0000-00-00 00:00:00', NULL, NULL, NULL, NULL, NULL, NULL, NULL, NULL),
(73, '0000-00-00 00:00:00', NULL, NULL, NULL, NULL, NULL, NULL, NULL, NULL),
(74, '0000-00-00 00:00:00', NULL, NULL, NULL, NULL, NULL, NULL, NULL, NULL),
(75, '0000-00-00 00:00:00', NULL, NULL, NULL, NULL, NULL, NULL, NULL, NULL),
(76, '0000-00-00 00:00:00', NULL, NULL, NULL, NULL, NULL, NULL, NULL, NULL),
(77, '0000-00-00 00:00:00', NULL, NULL, NULL, NULL, NULL, NULL, NULL, NULL),
(78, '0000-00-00 00:00:00', NULL, NULL, NULL, NULL, NULL, NULL, NULL, NULL),
(79, '0000-00-00 00:00:00', NULL, NULL, NULL, NULL, NULL, NULL, NULL, NULL),
(80, '0000-00-00 00:00:00', NULL, NULL, NULL, NULL, NULL, NULL, NULL, NULL),
(81, '0000-00-00 00:00:00', NULL, NULL, NULL, NULL, NULL, NULL, NULL, NULL),
(82, '0000-00-00 00:00:00', NULL, NULL, NULL, NULL, NULL, NULL, NULL, NULL),
(83, '0000-00-00 00:00:00', NULL, NULL, NULL, NULL, NULL, NULL, NULL, NULL),
(84, '0000-00-00 00:00:00', NULL, NULL, NULL, NULL, NULL, NULL, NULL, NULL),
(85, '0000-00-00 00:00:00', NULL, NULL, NULL, NULL, NULL, NULL, NULL, NULL),
(86, '0000-00-00 00:00:00', NULL, NULL, NULL, NULL, NULL, NULL, NULL, NULL),
(87, '0000-00-00 00:00:00', NULL, NULL, NULL, NULL, NULL, NULL, NULL, NULL),
(88, '0000-00-00 00:00:00', NULL, NULL, NULL, NULL, NULL, NULL, NULL, NULL),
(89, '0000-00-00 00:00:00', NULL, NULL, NULL, NULL, NULL, NULL, NULL, NULL),
(90, '0000-00-00 00:00:00', NULL, NULL, NULL, NULL, NULL, NULL, NULL, NULL),
(91, '0000-00-00 00:00:00', NULL, NULL, NULL, NULL, NULL, NULL, NULL, NULL),
(92, '0000-00-00 00:00:00', NULL, NULL, NULL, NULL, NULL, NULL, NULL, NULL),
(93, '0000-00-00 00:00:00', NULL, NULL, NULL, NULL, NULL, NULL, NULL, NULL),
(94, '0000-00-00 00:00:00', NULL, NULL, NULL, NULL, NULL, NULL, NULL, NULL),
(95, '0000-00-00 00:00:00', NULL, NULL, NULL, NULL, NULL, NULL, NULL, NULL),
(96, '0000-00-00 00:00:00', NULL, NULL, NULL, NULL, NULL, NULL, NULL, NULL),
(97, '0000-00-00 00:00:00', NULL, NULL, NULL, NULL, NULL, NULL, NULL, NULL),
(98, '0000-00-00 00:00:00', NULL, NULL, NULL, NULL, NULL, NULL, NULL, NULL),
(99, '0000-00-00 00:00:00', NULL, NULL, NULL, NULL, NULL, NULL, NULL, NULL),
(100, '0000-00-00 00:00:00', NULL, NULL, NULL, NULL, NULL, NULL, NULL, NULL),
(101, '0000-00-00 00:00:00', NULL, NULL, NULL, NULL, NULL, NULL, NULL, NULL),
(102, '0000-00-00 00:00:00', NULL, NULL, NULL, NULL, NULL, NULL, NULL, NULL),
(103, '0000-00-00 00:00:00', NULL, NULL, NULL, NULL, NULL, NULL, NULL, NULL),
(104, '0000-00-00 00:00:00', NULL, NULL, NULL, NULL, NULL, NULL, NULL, NULL),
(105, '0000-00-00 00:00:00', NULL, NULL, NULL, NULL, NULL, NULL, NULL, NULL),
(106, '0000-00-00 00:00:00', NULL, NULL, NULL, NULL, NULL, NULL, NULL, NULL),
(107, '0000-00-00 00:00:00', NULL, NULL, NULL, NULL, NULL, NULL, NULL, NULL),
(108, '0000-00-00 00:00:00', NULL, NULL, NULL, NULL, NULL, NULL, NULL, NULL),
(109, '0000-00-00 00:00:00', NULL, NULL, NULL, NULL, NULL, NULL, NULL, NULL),
(110, '0000-00-00 00:00:00', NULL, NULL, NULL, NULL, NULL, NULL, NULL, NULL),
(111, '0000-00-00 00:00:00', NULL, NULL, NULL, NULL, NULL, NULL, NULL, NULL),
(112, '0000-00-00 00:00:00', NULL, NULL, NULL, NULL, NULL, NULL, NULL, NULL),
(113, '0000-00-00 00:00:00', NULL, NULL, NULL, NULL, NULL, NULL, NULL, NULL),
(114, '0000-00-00 00:00:00', NULL, NULL, NULL, NULL, NULL, NULL, NULL, NULL),
(115, '0000-00-00 00:00:00', NULL, NULL, NULL, NULL, NULL, NULL, NULL, NULL),
(116, '0000-00-00 00:00:00', NULL, NULL, NULL, NULL, NULL, NULL, NULL, NULL),
(117, '0000-00-00 00:00:00', NULL, NULL, NULL, NULL, NULL, NULL, NULL, NULL),
(118, '0000-00-00 00:00:00', NULL, NULL, NULL, NULL, NULL, NULL, NULL, NULL),
(119, '0000-00-00 00:00:00', NULL, NULL, NULL, NULL, NULL, NULL, NULL, NULL),
(120, '0000-00-00 00:00:00', NULL, NULL, NULL, NULL, NULL, NULL, NULL, NULL),
(121, '0000-00-00 00:00:00', NULL, NULL, NULL, NULL, NULL, NULL, NULL, NULL),
(122, '0000-00-00 00:00:00', NULL, NULL, NULL, NULL, NULL, NULL, NULL, NULL),
(123, '0000-00-00 00:00:00', NULL, NULL, NULL, NULL, NULL, NULL, NULL, NULL),
(124, '0000-00-00 00:00:00', NULL, NULL, NULL, NULL, NULL, NULL, NULL, NULL),
(125, '0000-00-00 00:00:00', NULL, NULL, NULL, NULL, NULL, NULL, NULL, NULL),
(126, '0000-00-00 00:00:00', NULL, NULL, NULL, NULL, NULL, NULL, NULL, NULL),
(127, '0000-00-00 00:00:00', NULL, NULL, NULL, NULL, NULL, NULL, NULL, NULL),
(128, '0000-00-00 00:00:00', NULL, NULL, NULL, NULL, NULL, NULL, NULL, NULL),
(129, '0000-00-00 00:00:00', NULL, NULL, NULL, NULL, NULL, NULL, NULL, NULL),
(130, '0000-00-00 00:00:00', NULL, NULL, NULL, NULL, NULL, NULL, NULL, NULL),
(131, '0000-00-00 00:00:00', NULL, NULL, NULL, NULL, NULL, NULL, NULL, NULL),
(132, '0000-00-00 00:00:00', NULL, NULL, NULL, NULL, NULL, NULL, NULL, NULL),
(133, '0000-00-00 00:00:00', NULL, NULL, NULL, NULL, NULL, NULL, NULL, NULL),
(134, '0000-00-00 00:00:00', NULL, NULL, NULL, NULL, NULL, NULL, NULL, NULL),
(135, '0000-00-00 00:00:00', NULL, NULL, NULL, NULL, NULL, NULL, NULL, NULL),
(136, '0000-00-00 00:00:00', NULL, NULL, NULL, NULL, NULL, NULL, NULL, NULL),
(137, '0000-00-00 00:00:00', NULL, NULL, NULL, NULL, NULL, NULL, NULL, NULL),
(138, '0000-00-00 00:00:00', NULL, NULL, NULL, NULL, NULL, NULL, NULL, NULL),
(139, '0000-00-00 00:00:00', NULL, NULL, NULL, NULL, NULL, NULL, NULL, NULL),
(140, '0000-00-00 00:00:00', NULL, NULL, NULL, NULL, NULL, NULL, NULL, NULL),
(141, '0000-00-00 00:00:00', NULL, NULL, NULL, NULL, NULL, NULL, NULL, NULL),
(142, '0000-00-00 00:00:00', NULL, NULL, NULL, NULL, NULL, NULL, NULL, NULL),
(143, '0000-00-00 00:00:00', NULL, NULL, NULL, NULL, NULL, NULL, NULL, NULL),
(144, '0000-00-00 00:00:00', NULL, NULL, NULL, NULL, NULL, NULL, NULL, NULL),
(145, '0000-00-00 00:00:00', NULL, NULL, NULL, NULL, NULL, NULL, NULL, NULL),
(146, '0000-00-00 00:00:00', NULL, NULL, NULL, NULL, NULL, NULL, NULL, NULL),
(147, '0000-00-00 00:00:00', NULL, NULL, NULL, NULL, NULL, NULL, NULL, NULL),
(148, '0000-00-00 00:00:00', NULL, NULL, NULL, NULL, NULL, NULL, NULL, NULL),
(149, '0000-00-00 00:00:00', NULL, NULL, NULL, NULL, NULL, NULL, NULL, NULL),
(150, '0000-00-00 00:00:00', NULL, NULL, NULL, NULL, NULL, NULL, NULL, NULL),
(151, '0000-00-00 00:00:00', NULL, NULL, NULL, NULL, NULL, NULL, NULL, NULL),
(152, '0000-00-00 00:00:00', NULL, NULL, NULL, NULL, NULL, NULL, NULL, NULL),
(153, '0000-00-00 00:00:00', NULL, NULL, NULL, NULL, NULL, NULL, NULL, NULL),
(154, '0000-00-00 00:00:00', NULL, NULL, NULL, NULL, NULL, NULL, NULL, NULL),
(155, '0000-00-00 00:00:00', NULL, NULL, NULL, NULL, NULL, NULL, NULL, NULL),
(156, '0000-00-00 00:00:00', NULL, NULL, NULL, NULL, NULL, NULL, NULL, NULL),
(157, '0000-00-00 00:00:00', NULL, NULL, NULL, NULL, NULL, NULL, NULL, NULL),
(158, '0000-00-00 00:00:00', NULL, NULL, NULL, NULL, NULL, NULL, NULL, NULL),
(159, '0000-00-00 00:00:00', NULL, NULL, NULL, NULL, NULL, NULL, NULL, NULL),
(160, '0000-00-00 00:00:00', NULL, NULL, NULL, NULL, NULL, NULL, NULL, NULL),
(161, '0000-00-00 00:00:00', NULL, NULL, NULL, NULL, NULL, NULL, NULL, NULL),
(162, '0000-00-00 00:00:00', NULL, NULL, NULL, NULL, NULL, NULL, NULL, NULL),
(163, '0000-00-00 00:00:00', NULL, NULL, NULL, NULL, NULL, NULL, NULL, NULL),
(164, '0000-00-00 00:00:00', NULL, NULL, NULL, NULL, NULL, NULL, NULL, NULL),
(165, '0000-00-00 00:00:00', NULL, NULL, NULL, NULL, NULL, NULL, NULL, NULL),
(166, '0000-00-00 00:00:00', NULL, NULL, NULL, NULL, NULL, NULL, NULL, NULL),
(167, '0000-00-00 00:00:00', NULL, NULL, NULL, NULL, NULL, NULL, NULL, NULL),
(168, '0000-00-00 00:00:00', NULL, NULL, NULL, NULL, NULL, NULL, NULL, NULL),
(169, '0000-00-00 00:00:00', NULL, NULL, NULL, NULL, NULL, NULL, NULL, NULL),
(170, '0000-00-00 00:00:00', NULL, NULL, NULL, NULL, NULL, NULL, NULL, NULL),
(171, '0000-00-00 00:00:00', NULL, NULL, NULL, NULL, NULL, NULL, NULL, NULL),
(172, '0000-00-00 00:00:00', NULL, NULL, NULL, NULL, NULL, NULL, NULL, NULL),
(173, '0000-00-00 00:00:00', NULL, NULL, NULL, NULL, NULL, NULL, NULL, NULL),
(174, '0000-00-00 00:00:00', NULL, NULL, NULL, NULL, NULL, NULL, NULL, NULL),
(175, '0000-00-00 00:00:00', NULL, NULL, NULL, NULL, NULL, NULL, NULL, NULL),
(176, '0000-00-00 00:00:00', NULL, NULL, NULL, NULL, NULL, NULL, NULL, NULL),
(177, '0000-00-00 00:00:00', NULL, NULL, NULL, NULL, NULL, NULL, NULL, NULL),
(178, '0000-00-00 00:00:00', NULL, NULL, NULL, NULL, NULL, NULL, NULL, NULL),
(179, '0000-00-00 00:00:00', NULL, NULL, NULL, NULL, NULL, NULL, NULL, NULL),
(180, '0000-00-00 00:00:00', NULL, NULL, NULL, NULL, NULL, NULL, NULL, NULL),
(181, '0000-00-00 00:00:00', NULL, NULL, NULL, NULL, NULL, NULL, NULL, NULL),
(182, '0000-00-00 00:00:00', NULL, NULL, NULL, NULL, NULL, NULL, NULL, NULL),
(183, '0000-00-00 00:00:00', NULL, NULL, NULL, NULL, NULL, NULL, NULL, NULL),
(184, '0000-00-00 00:00:00', NULL, NULL, NULL, NULL, NULL, NULL, NULL, NULL),
(185, '0000-00-00 00:00:00', NULL, NULL, NULL, NULL, NULL, NULL, NULL, NULL),
(186, '0000-00-00 00:00:00', NULL, NULL, NULL, NULL, NULL, NULL, NULL, NULL),
(187, '0000-00-00 00:00:00', NULL, NULL, NULL, NULL, NULL, NULL, NULL, NULL),
(188, '0000-00-00 00:00:00', NULL, NULL, NULL, NULL, NULL, NULL, NULL, NULL),
(189, '0000-00-00 00:00:00', NULL, NULL, NULL, NULL, NULL, NULL, NULL, NULL),
(190, '0000-00-00 00:00:00', NULL, NULL, NULL, NULL, NULL, NULL, NULL, NULL),
(191, '0000-00-00 00:00:00', NULL, NULL, NULL, NULL, NULL, NULL, NULL, NULL),
(192, '0000-00-00 00:00:00', NULL, NULL, NULL, NULL, NULL, NULL, NULL, NULL),
(193, '0000-00-00 00:00:00', NULL, NULL, NULL, NULL, NULL, NULL, NULL, NULL),
(194, '0000-00-00 00:00:00', NULL, NULL, NULL, NULL, NULL, NULL, NULL, NULL),
(195, '0000-00-00 00:00:00', NULL, NULL, NULL, NULL, NULL, NULL, NULL, NULL),
(196, '0000-00-00 00:00:00', NULL, NULL, NULL, NULL, NULL, NULL, NULL, NULL),
(197, '0000-00-00 00:00:00', NULL, NULL, NULL, NULL, NULL, NULL, NULL, NULL),
(198, '0000-00-00 00:00:00', NULL, NULL, NULL, NULL, NULL, NULL, NULL, NULL),
(199, '0000-00-00 00:00:00', NULL, NULL, NULL, NULL, NULL, NULL, NULL, NULL),
(200, '0000-00-00 00:00:00', NULL, NULL, NULL, NULL, NULL, NULL, NULL, NULL),
(201, '0000-00-00 00:00:00', NULL, NULL, NULL, NULL, NULL, NULL, NULL, NULL),
(202, '0000-00-00 00:00:00', NULL, NULL, NULL, NULL, NULL, NULL, NULL, NULL),
(203, '0000-00-00 00:00:00', NULL, NULL, NULL, NULL, NULL, NULL, NULL, NULL),
(204, '0000-00-00 00:00:00', NULL, NULL, NULL, NULL, NULL, NULL, NULL, NULL),
(205, '0000-00-00 00:00:00', NULL, NULL, NULL, NULL, NULL, NULL, NULL, NULL),
(206, '0000-00-00 00:00:00', NULL, NULL, NULL, NULL, NULL, NULL, NULL, NULL),
(207, '0000-00-00 00:00:00', NULL, NULL, NULL, NULL, NULL, NULL, NULL, NULL),
(208, '0000-00-00 00:00:00', NULL, NULL, NULL, NULL, NULL, NULL, NULL, NULL),
(209, '0000-00-00 00:00:00', NULL, NULL, NULL, NULL, NULL, NULL, NULL, NULL),
(210, '0000-00-00 00:00:00', NULL, NULL, NULL, NULL, NULL, NULL, NULL, NULL),
(211, '0000-00-00 00:00:00', NULL, NULL, NULL, NULL, NULL, NULL, NULL, NULL),
(212, '0000-00-00 00:00:00', NULL, NULL, NULL, NULL, NULL, NULL, NULL, NULL),
(213, '0000-00-00 00:00:00', NULL, NULL, NULL, NULL, NULL, NULL, NULL, NULL),
(214, '0000-00-00 00:00:00', NULL, NULL, NULL, NULL, NULL, NULL, NULL, NULL),
(215, '0000-00-00 00:00:00', NULL, NULL, NULL, NULL, NULL, NULL, NULL, NULL),
(216, '0000-00-00 00:00:00', NULL, NULL, NULL, NULL, NULL, NULL, NULL, NULL),
(217, '0000-00-00 00:00:00', NULL, NULL, NULL, NULL, NULL, NULL, NULL, NULL),
(218, '0000-00-00 00:00:00', NULL, NULL, NULL, NULL, NULL, NULL, NULL, NULL),
(219, '0000-00-00 00:00:00', NULL, NULL, NULL, NULL, NULL, NULL, NULL, NULL),
(220, '0000-00-00 00:00:00', NULL, NULL, NULL, NULL, NULL, NULL, NULL, NULL),
(221, '0000-00-00 00:00:00', NULL, NULL, NULL, NULL, NULL, NULL, NULL, NULL),
(222, '0000-00-00 00:00:00', NULL, NULL, NULL, NULL, NULL, NULL, NULL, NULL),
(223, '0000-00-00 00:00:00', NULL, NULL, NULL, NULL, NULL, NULL, NULL, NULL),
(224, '0000-00-00 00:00:00', NULL, NULL, NULL, NULL, NULL, NULL, NULL, NULL),
(225, '0000-00-00 00:00:00', NULL, NULL, NULL, NULL, NULL, NULL, NULL, NULL),
(226, '0000-00-00 00:00:00', NULL, NULL, NULL, NULL, NULL, NULL, NULL, NULL),
(227, '0000-00-00 00:00:00', NULL, NULL, NULL, NULL, NULL, NULL, NULL, NULL),
(228, '0000-00-00 00:00:00', NULL, NULL, NULL, NULL, NULL, NULL, NULL, NULL),
(229, '0000-00-00 00:00:00', NULL, NULL, NULL, NULL, NULL, NULL, NULL, NULL),
(230, '0000-00-00 00:00:00', NULL, NULL, NULL, NULL, NULL, NULL, NULL, NULL),
(231, '0000-00-00 00:00:00', NULL, NULL, NULL, NULL, NULL, NULL, NULL, NULL),
(232, '0000-00-00 00:00:00', NULL, NULL, NULL, NULL, NULL, NULL, NULL, NULL),
(233, '0000-00-00 00:00:00', NULL, NULL, NULL, NULL, NULL, NULL, NULL, NULL),
(234, '0000-00-00 00:00:00', NULL, NULL, NULL, NULL, NULL, NULL, NULL, NULL),
(235, '0000-00-00 00:00:00', NULL, NULL, NULL, NULL, NULL, NULL, NULL, NULL),
(236, '0000-00-00 00:00:00', NULL, NULL, NULL, NULL, NULL, NULL, NULL, NULL),
(237, '0000-00-00 00:00:00', NULL, NULL, NULL, NULL, NULL, NULL, NULL, NULL),
(238, '0000-00-00 00:00:00', NULL, NULL, NULL, NULL, NULL, NULL, NULL, NULL),
(239, '0000-00-00 00:00:00', NULL, NULL, NULL, NULL, NULL, NULL, NULL, NULL),
(240, '0000-00-00 00:00:00', NULL, NULL, NULL, NULL, NULL, NULL, NULL, NULL),
(241, '0000-00-00 00:00:00', NULL, NULL, NULL, NULL, NULL, NULL, NULL, NULL),
(242, '0000-00-00 00:00:00', NULL, NULL, NULL, NULL, NULL, NULL, NULL, NULL),
(243, '0000-00-00 00:00:00', NULL, NULL, NULL, NULL, NULL, NULL, NULL, NULL),
(244, '0000-00-00 00:00:00', NULL, NULL, NULL, NULL, NULL, NULL, NULL, NULL),
(245, '0000-00-00 00:00:00', NULL, NULL, NULL, NULL, NULL, NULL, NULL, NULL),
(246, '0000-00-00 00:00:00', NULL, NULL, NULL, NULL, NULL, NULL, NULL, NULL),
(247, '0000-00-00 00:00:00', NULL, NULL, NULL, NULL, NULL, NULL, NULL, NULL),
(248, '0000-00-00 00:00:00', NULL, NULL, NULL, NULL, NULL, NULL, NULL, NULL),
(249, '0000-00-00 00:00:00', NULL, NULL, NULL, NULL, NULL, NULL, NULL, NULL),
(250, '0000-00-00 00:00:00', NULL, NULL, NULL, NULL, NULL, NULL, NULL, NULL),
(251, '0000-00-00 00:00:00', NULL, NULL, NULL, NULL, NULL, NULL, NULL, NULL),
(252, '0000-00-00 00:00:00', NULL, NULL, NULL, NULL, NULL, NULL, NULL, NULL),
(253, '0000-00-00 00:00:00', NULL, NULL, NULL, NULL, NULL, NULL, NULL, NULL),
(254, '0000-00-00 00:00:00', NULL, NULL, NULL, NULL, NULL, NULL, NULL, NULL),
(255, '0000-00-00 00:00:00', NULL, NULL, NULL, NULL, NULL, NULL, NULL, NULL),
(256, '0000-00-00 00:00:00', NULL, NULL, NULL, NULL, NULL, NULL, NULL, NULL),
(257, '0000-00-00 00:00:00', NULL, NULL, NULL, NULL, NULL, NULL, NULL, NULL),
(258, '0000-00-00 00:00:00', NULL, NULL, NULL, NULL, NULL, NULL, NULL, NULL),
(259, '0000-00-00 00:00:00', NULL, NULL, NULL, NULL, NULL, NULL, NULL, NULL),
(260, '0000-00-00 00:00:00', NULL, NULL, NULL, NULL, NULL, NULL, NULL, NULL),
(261, '0000-00-00 00:00:00', NULL, NULL, NULL, NULL, NULL, NULL, NULL, NULL),
(262, '0000-00-00 00:00:00', NULL, NULL, NULL, NULL, NULL, NULL, NULL, NULL),
(263, '0000-00-00 00:00:00', NULL, NULL, NULL, NULL, NULL, NULL, NULL, NULL),
(264, '0000-00-00 00:00:00', NULL, NULL, NULL, NULL, NULL, NULL, NULL, NULL),
(265, '0000-00-00 00:00:00', NULL, NULL, NULL, NULL, NULL, NULL, NULL, NULL),
(266, '0000-00-00 00:00:00', NULL, NULL, NULL, NULL, NULL, NULL, NULL, NULL),
(267, '0000-00-00 00:00:00', NULL, NULL, NULL, NULL, NULL, NULL, NULL, NULL),
(268, '0000-00-00 00:00:00', NULL, NULL, NULL, NULL, NULL, NULL, NULL, NULL),
(269, '0000-00-00 00:00:00', NULL, NULL, NULL, NULL, NULL, NULL, NULL, NULL),
(270, '0000-00-00 00:00:00', NULL, NULL, NULL, NULL, NULL, NULL, NULL, NULL),
(271, '0000-00-00 00:00:00', NULL, NULL, NULL, NULL, NULL, NULL, NULL, NULL),
(272, '0000-00-00 00:00:00', NULL, NULL, NULL, NULL, NULL, NULL, NULL, NULL),
(273, '0000-00-00 00:00:00', NULL, NULL, NULL, NULL, NULL, NULL, NULL, NULL),
(274, '0000-00-00 00:00:00', NULL, NULL, NULL, NULL, NULL, NULL, NULL, NULL),
(275, '0000-00-00 00:00:00', NULL, NULL, NULL, NULL, NULL, NULL, NULL, NULL),
(276, '0000-00-00 00:00:00', NULL, NULL, NULL, NULL, NULL, NULL, NULL, NULL),
(277, '0000-00-00 00:00:00', NULL, NULL, NULL, NULL, NULL, NULL, NULL, NULL),
(278, '0000-00-00 00:00:00', NULL, NULL, NULL, NULL, NULL, NULL, NULL, NULL),
(279, '0000-00-00 00:00:00', NULL, NULL, NULL, NULL, NULL, NULL, NULL, NULL),
(280, '0000-00-00 00:00:00', NULL, NULL, NULL, NULL, NULL, NULL, NULL, NULL),
(281, '0000-00-00 00:00:00', NULL, NULL, NULL, NULL, NULL, NULL, NULL, NULL),
(282, '0000-00-00 00:00:00', NULL, NULL, NULL, NULL, NULL, NULL, NULL, NULL),
(283, '0000-00-00 00:00:00', NULL, NULL, NULL, NULL, NULL, NULL, NULL, NULL),
(284, '0000-00-00 00:00:00', NULL, NULL, NULL, NULL, NULL, NULL, NULL, NULL),
(285, '0000-00-00 00:00:00', NULL, NULL, NULL, NULL, NULL, NULL, NULL, NULL),
(286, '0000-00-00 00:00:00', NULL, NULL, NULL, NULL, NULL, NULL, NULL, NULL),
(287, '0000-00-00 00:00:00', NULL, NULL, NULL, NULL, NULL, NULL, NULL, NULL),
(288, '0000-00-00 00:00:00', NULL, NULL, NULL, NULL, NULL, NULL, NULL, NULL),
(289, '0000-00-00 00:00:00', NULL, NULL, NULL, NULL, NULL, NULL, NULL, NULL),
(290, '0000-00-00 00:00:00', NULL, NULL, NULL, NULL, NULL, NULL, NULL, NULL),
(291, '0000-00-00 00:00:00', NULL, NULL, NULL, NULL, NULL, NULL, NULL, NULL),
(292, '0000-00-00 00:00:00', NULL, NULL, NULL, NULL, NULL, NULL, NULL, NULL),
(293, '0000-00-00 00:00:00', NULL, NULL, NULL, NULL, NULL, NULL, NULL, NULL),
(294, '0000-00-00 00:00:00', NULL, NULL, NULL, NULL, NULL, NULL, NULL, NULL),
(295, '0000-00-00 00:00:00', NULL, NULL, NULL, NULL, NULL, NULL, NULL, NULL),
(296, '0000-00-00 00:00:00', NULL, NULL, NULL, NULL, NULL, NULL, NULL, NULL),
(297, '0000-00-00 00:00:00', NULL, NULL, NULL, NULL, NULL, NULL, NULL, NULL),
(298, '0000-00-00 00:00:00', NULL, NULL, NULL, NULL, NULL, NULL, NULL, NULL),
(299, '0000-00-00 00:00:00', NULL, NULL, NULL, NULL, NULL, NULL, NULL, NULL),
(300, '0000-00-00 00:00:00', NULL, NULL, NULL, NULL, NULL, NULL, NULL, NULL),
(301, '0000-00-00 00:00:00', NULL, NULL, NULL, NULL, NULL, NULL, NULL, NULL),
(302, '0000-00-00 00:00:00', NULL, NULL, NULL, NULL, NULL, NULL, NULL, NULL),
(303, '0000-00-00 00:00:00', NULL, NULL, NULL, NULL, NULL, NULL, NULL, NULL),
(304, '0000-00-00 00:00:00', NULL, NULL, NULL, NULL, NULL, NULL, NULL, NULL),
(305, '0000-00-00 00:00:00', NULL, NULL, NULL, NULL, NULL, NULL, NULL, NULL),
(306, '0000-00-00 00:00:00', NULL, NULL, NULL, NULL, NULL, NULL, NULL, NULL),
(307, '0000-00-00 00:00:00', NULL, NULL, NULL, NULL, NULL, NULL, NULL, NULL),
(308, '0000-00-00 00:00:00', NULL, NULL, NULL, NULL, NULL, NULL, NULL, NULL),
(309, '0000-00-00 00:00:00', NULL, NULL, NULL, NULL, NULL, NULL, NULL, NULL),
(310, '0000-00-00 00:00:00', NULL, NULL, NULL, NULL, NULL, NULL, NULL, NULL),
(311, '0000-00-00 00:00:00', NULL, NULL, NULL, NULL, NULL, NULL, NULL, NULL),
(312, '0000-00-00 00:00:00', NULL, NULL, NULL, NULL, NULL, NULL, NULL, NULL),
(313, '0000-00-00 00:00:00', NULL, NULL, NULL, NULL, NULL, NULL, NULL, NULL),
(314, '0000-00-00 00:00:00', NULL, NULL, NULL, NULL, NULL, NULL, NULL, NULL),
(315, '0000-00-00 00:00:00', NULL, NULL, NULL, NULL, NULL, NULL, NULL, NULL),
(316, '0000-00-00 00:00:00', NULL, NULL, NULL, NULL, NULL, NULL, NULL, NULL),
(317, '0000-00-00 00:00:00', NULL, NULL, NULL, NULL, NULL, NULL, NULL, NULL),
(318, '0000-00-00 00:00:00', NULL, NULL, NULL, NULL, NULL, NULL, NULL, NULL),
(319, '0000-00-00 00:00:00', NULL, NULL, NULL, NULL, NULL, NULL, NULL, NULL),
(320, '0000-00-00 00:00:00', NULL, NULL, NULL, NULL, NULL, NULL, NULL, NULL),
(321, '0000-00-00 00:00:00', NULL, NULL, NULL, NULL, NULL, NULL, NULL, NULL),
(322, '0000-00-00 00:00:00', NULL, NULL, NULL, NULL, NULL, NULL, NULL, NULL),
(323, '0000-00-00 00:00:00', NULL, NULL, NULL, NULL, NULL, NULL, NULL, NULL),
(324, '0000-00-00 00:00:00', NULL, NULL, NULL, NULL, NULL, NULL, NULL, NULL),
(325, '0000-00-00 00:00:00', NULL, NULL, NULL, NULL, NULL, NULL, NULL, NULL),
(326, '0000-00-00 00:00:00', NULL, NULL, NULL, NULL, NULL, NULL, NULL, NULL),
(327, '0000-00-00 00:00:00', NULL, NULL, NULL, NULL, NULL, NULL, NULL, NULL),
(328, '0000-00-00 00:00:00', NULL, NULL, NULL, NULL, NULL, NULL, NULL, NULL),
(329, '0000-00-00 00:00:00', NULL, NULL, NULL, NULL, NULL, NULL, NULL, NULL),
(330, '0000-00-00 00:00:00', NULL, NULL, NULL, NULL, NULL, NULL, NULL, NULL),
(331, '0000-00-00 00:00:00', NULL, NULL, NULL, NULL, NULL, NULL, NULL, NULL),
(332, '0000-00-00 00:00:00', NULL, NULL, NULL, NULL, NULL, NULL, NULL, NULL),
(333, '0000-00-00 00:00:00', NULL, NULL, NULL, NULL, NULL, NULL, NULL, NULL),
(334, '0000-00-00 00:00:00', NULL, NULL, NULL, NULL, NULL, NULL, NULL, NULL),
(335, '0000-00-00 00:00:00', NULL, NULL, NULL, NULL, NULL, NULL, NULL, NULL),
(336, '0000-00-00 00:00:00', NULL, NULL, NULL, NULL, NULL, NULL, NULL, NULL),
(337, '0000-00-00 00:00:00', NULL, NULL, NULL, NULL, NULL, NULL, NULL, NULL),
(338, '0000-00-00 00:00:00', NULL, NULL, NULL, NULL, NULL, NULL, NULL, NULL),
(339, '0000-00-00 00:00:00', NULL, NULL, NULL, NULL, NULL, NULL, NULL, NULL),
(340, '0000-00-00 00:00:00', NULL, NULL, NULL, NULL, NULL, NULL, NULL, NULL),
(341, '0000-00-00 00:00:00', NULL, NULL, NULL, NULL, NULL, NULL, NULL, NULL),
(342, '0000-00-00 00:00:00', NULL, NULL, NULL, NULL, NULL, NULL, NULL, NULL),
(343, '0000-00-00 00:00:00', NULL, NULL, NULL, NULL, NULL, NULL, NULL, NULL),
(344, '0000-00-00 00:00:00', NULL, NULL, NULL, NULL, NULL, NULL, NULL, NULL),
(345, '0000-00-00 00:00:00', NULL, NULL, NULL, NULL, NULL, NULL, NULL, NULL),
(346, '0000-00-00 00:00:00', NULL, NULL, NULL, NULL, NULL, NULL, NULL, NULL),
(347, '0000-00-00 00:00:00', NULL, NULL, NULL, NULL, NULL, NULL, NULL, NULL),
(348, '0000-00-00 00:00:00', NULL, NULL, NULL, NULL, NULL, NULL, NULL, NULL),
(349, '0000-00-00 00:00:00', NULL, NULL, NULL, NULL, NULL, NULL, NULL, NULL),
(350, '0000-00-00 00:00:00', NULL, NULL, NULL, NULL, NULL, NULL, NULL, NULL),
(351, '0000-00-00 00:00:00', NULL, NULL, NULL, NULL, NULL, NULL, NULL, NULL),
(352, '0000-00-00 00:00:00', NULL, NULL, NULL, NULL, NULL, NULL, NULL, NULL),
(353, '0000-00-00 00:00:00', NULL, NULL, NULL, NULL, NULL, NULL, NULL, NULL),
(354, '0000-00-00 00:00:00', NULL, NULL, NULL, NULL, NULL, NULL, NULL, NULL),
(355, '0000-00-00 00:00:00', NULL, NULL, NULL, NULL, NULL, NULL, NULL, NULL),
(356, '0000-00-00 00:00:00', NULL, NULL, NULL, NULL, NULL, NULL, NULL, NULL),
(357, '0000-00-00 00:00:00', NULL, NULL, NULL, NULL, NULL, NULL, NULL, NULL),
(358, '0000-00-00 00:00:00', NULL, NULL, NULL, NULL, NULL, NULL, NULL, NULL),
(359, '0000-00-00 00:00:00', NULL, NULL, NULL, NULL, NULL, NULL, NULL, NULL),
(360, '0000-00-00 00:00:00', NULL, NULL, NULL, NULL, NULL, NULL, NULL, NULL),
(361, '0000-00-00 00:00:00', NULL, NULL, NULL, NULL, NULL, NULL, NULL, NULL),
(362, '0000-00-00 00:00:00', NULL, NULL, NULL, NULL, NULL, NULL, NULL, NULL),
(363, '0000-00-00 00:00:00', NULL, NULL, NULL, NULL, NULL, NULL, NULL, NULL),
(364, '0000-00-00 00:00:00', NULL, NULL, NULL, NULL, NULL, NULL, NULL, NULL),
(365, '0000-00-00 00:00:00', NULL, NULL, NULL, NULL, NULL, NULL, NULL, NULL),
(366, '0000-00-00 00:00:00', NULL, NULL, NULL, NULL, NULL, NULL, NULL, NULL),
(367, '0000-00-00 00:00:00', NULL, NULL, NULL, NULL, NULL, NULL, NULL, NULL),
(368, '0000-00-00 00:00:00', NULL, NULL, NULL, NULL, NULL, NULL, NULL, NULL),
(369, '0000-00-00 00:00:00', NULL, NULL, NULL, NULL, NULL, NULL, NULL, NULL),
(370, '0000-00-00 00:00:00', NULL, NULL, NULL, NULL, NULL, NULL, NULL, NULL),
(371, '0000-00-00 00:00:00', NULL, NULL, NULL, NULL, NULL, NULL, NULL, NULL),
(372, '0000-00-00 00:00:00', NULL, NULL, NULL, NULL, NULL, NULL, NULL, NULL),
(373, '0000-00-00 00:00:00', NULL, NULL, NULL, NULL, NULL, NULL, NULL, NULL),
(374, '0000-00-00 00:00:00', NULL, NULL, NULL, NULL, NULL, NULL, NULL, NULL),
(375, '0000-00-00 00:00:00', NULL, NULL, NULL, NULL, NULL, NULL, NULL, NULL),
(376, '0000-00-00 00:00:00', NULL, NULL, NULL, NULL, NULL, NULL, NULL, NULL),
(377, '0000-00-00 00:00:00', NULL, NULL, NULL, NULL, NULL, NULL, NULL, NULL),
(378, '0000-00-00 00:00:00', NULL, NULL, NULL, NULL, NULL, NULL, NULL, NULL),
(379, '0000-00-00 00:00:00', NULL, NULL, NULL, NULL, NULL, NULL, NULL, NULL),
(380, '0000-00-00 00:00:00', NULL, NULL, NULL, NULL, NULL, NULL, NULL, NULL),
(381, '0000-00-00 00:00:00', NULL, NULL, NULL, NULL, NULL, NULL, NULL, NULL),
(382, '0000-00-00 00:00:00', NULL, NULL, NULL, NULL, NULL, NULL, NULL, NULL),
(383, '0000-00-00 00:00:00', NULL, NULL, NULL, NULL, NULL, NULL, NULL, NULL),
(384, '0000-00-00 00:00:00', NULL, NULL, NULL, NULL, NULL, NULL, NULL, NULL),
(385, '0000-00-00 00:00:00', NULL, NULL, NULL, NULL, NULL, NULL, NULL, NULL),
(386, '0000-00-00 00:00:00', NULL, NULL, NULL, NULL, NULL, NULL, NULL, NULL),
(387, '0000-00-00 00:00:00', NULL, NULL, NULL, NULL, NULL, NULL, NULL, NULL),
(388, '0000-00-00 00:00:00', NULL, NULL, NULL, NULL, NULL, NULL, NULL, NULL),
(389, '0000-00-00 00:00:00', NULL, NULL, NULL, NULL, NULL, NULL, NULL, NULL),
(390, '0000-00-00 00:00:00', NULL, NULL, NULL, NULL, NULL, NULL, NULL, NULL),
(391, '0000-00-00 00:00:00', NULL, NULL, NULL, NULL, NULL, NULL, NULL, NULL),
(392, '0000-00-00 00:00:00', NULL, NULL, NULL, NULL, NULL, NULL, NULL, NULL),
(393, '0000-00-00 00:00:00', NULL, NULL, NULL, NULL, NULL, NULL, NULL, NULL),
(394, '0000-00-00 00:00:00', NULL, NULL, NULL, NULL, NULL, NULL, NULL, NULL),
(395, '0000-00-00 00:00:00', NULL, NULL, NULL, NULL, NULL, NULL, NULL, NULL),
(396, '0000-00-00 00:00:00', NULL, NULL, NULL, NULL, NULL, NULL, NULL, NULL),
(397, '0000-00-00 00:00:00', NULL, NULL, NULL, NULL, NULL, NULL, NULL, NULL),
(398, '0000-00-00 00:00:00', NULL, NULL, NULL, NULL, NULL, NULL, NULL, NULL),
(399, '0000-00-00 00:00:00', NULL, NULL, NULL, NULL, NULL, NULL, NULL, NULL),
(400, '0000-00-00 00:00:00', NULL, NULL, NULL, NULL, NULL, NULL, NULL, NULL),
(401, '0000-00-00 00:00:00', NULL, NULL, NULL, NULL, NULL, NULL, NULL, NULL),
(402, '0000-00-00 00:00:00', NULL, NULL, NULL, NULL, NULL, NULL, NULL, NULL),
(403, '0000-00-00 00:00:00', NULL, NULL, NULL, NULL, NULL, NULL, NULL, NULL),
(404, '0000-00-00 00:00:00', NULL, NULL, NULL, NULL, NULL, NULL, NULL, NULL),
(405, '0000-00-00 00:00:00', NULL, NULL, NULL, NULL, NULL, NULL, NULL, NULL),
(406, '0000-00-00 00:00:00', NULL, NULL, NULL, NULL, NULL, NULL, NULL, NULL),
(407, '0000-00-00 00:00:00', NULL, NULL, NULL, NULL, NULL, NULL, NULL, NULL),
(408, '0000-00-00 00:00:00', NULL, NULL, NULL, NULL, NULL, NULL, NULL, NULL),
(409, '0000-00-00 00:00:00', NULL, NULL, NULL, NULL, NULL, NULL, NULL, NULL),
(410, '0000-00-00 00:00:00', NULL, NULL, NULL, NULL, NULL, NULL, NULL, NULL),
(411, '0000-00-00 00:00:00', NULL, NULL, NULL, NULL, NULL, NULL, NULL, NULL),
(412, '0000-00-00 00:00:00', NULL, NULL, NULL, NULL, NULL, NULL, NULL, NULL),
(413, '0000-00-00 00:00:00', NULL, NULL, NULL, NULL, NULL, NULL, NULL, NULL),
(414, '0000-00-00 00:00:00', NULL, NULL, NULL, NULL, NULL, NULL, NULL, NULL),
(415, '0000-00-00 00:00:00', NULL, NULL, NULL, NULL, NULL, NULL, NULL, NULL),
(416, '0000-00-00 00:00:00', NULL, NULL, NULL, NULL, NULL, NULL, NULL, NULL),
(417, '0000-00-00 00:00:00', NULL, NULL, NULL, NULL, NULL, NULL, NULL, NULL),
(418, '0000-00-00 00:00:00', NULL, NULL, NULL, NULL, NULL, NULL, NULL, NULL),
(419, '0000-00-00 00:00:00', NULL, NULL, NULL, NULL, NULL, NULL, NULL, NULL),
(420, '0000-00-00 00:00:00', NULL, NULL, NULL, NULL, NULL, NULL, NULL, NULL),
(421, '0000-00-00 00:00:00', NULL, NULL, NULL, NULL, NULL, NULL, NULL, NULL),
(422, '0000-00-00 00:00:00', NULL, NULL, NULL, NULL, NULL, NULL, NULL, NULL),
(423, '0000-00-00 00:00:00', NULL, NULL, NULL, NULL, NULL, NULL, NULL, NULL),
(424, '0000-00-00 00:00:00', NULL, NULL, NULL, NULL, NULL, NULL, NULL, NULL),
(425, '0000-00-00 00:00:00', NULL, NULL, NULL, NULL, NULL, NULL, NULL, NULL),
(426, '0000-00-00 00:00:00', NULL, NULL, NULL, NULL, NULL, NULL, NULL, NULL),
(427, '0000-00-00 00:00:00', NULL, NULL, NULL, NULL, NULL, NULL, NULL, NULL),
(428, '0000-00-00 00:00:00', NULL, NULL, NULL, NULL, NULL, NULL, NULL, NULL),
(429, '0000-00-00 00:00:00', NULL, NULL, NULL, NULL, NULL, NULL, NULL, NULL),
(430, '0000-00-00 00:00:00', NULL, NULL, NULL, NULL, NULL, NULL, NULL, NULL),
(431, '0000-00-00 00:00:00', NULL, NULL, NULL, NULL, NULL, NULL, NULL, NULL),
(432, '0000-00-00 00:00:00', NULL, NULL, NULL, NULL, NULL, NULL, NULL, NULL),
(433, '0000-00-00 00:00:00', NULL, NULL, NULL, NULL, NULL, NULL, NULL, NULL),
(434, '0000-00-00 00:00:00', NULL, NULL, NULL, NULL, NULL, NULL, NULL, NULL),
(435, '0000-00-00 00:00:00', NULL, NULL, NULL, NULL, NULL, NULL, NULL, NULL),
(436, '0000-00-00 00:00:00', NULL, NULL, NULL, NULL, NULL, NULL, NULL, NULL),
(437, '0000-00-00 00:00:00', NULL, NULL, NULL, NULL, NULL, NULL, NULL, NULL),
(438, '0000-00-00 00:00:00', NULL, NULL, NULL, NULL, NULL, NULL, NULL, NULL),
(439, '0000-00-00 00:00:00', NULL, NULL, NULL, NULL, NULL, NULL, NULL, NULL),
(440, '0000-00-00 00:00:00', NULL, NULL, NULL, NULL, NULL, NULL, NULL, NULL),
(441, '0000-00-00 00:00:00', NULL, NULL, NULL, NULL, NULL, NULL, NULL, NULL),
(442, '0000-00-00 00:00:00', NULL, NULL, NULL, NULL, NULL, NULL, NULL, NULL),
(443, '0000-00-00 00:00:00', NULL, NULL, NULL, NULL, NULL, NULL, NULL, NULL),
(444, '0000-00-00 00:00:00', NULL, NULL, NULL, NULL, NULL, NULL, NULL, NULL),
(445, '0000-00-00 00:00:00', NULL, NULL, NULL, NULL, NULL, NULL, NULL, NULL),
(446, '0000-00-00 00:00:00', NULL, NULL, NULL, NULL, NULL, NULL, NULL, NULL),
(447, '0000-00-00 00:00:00', NULL, NULL, NULL, NULL, NULL, NULL, NULL, NULL),
(448, '0000-00-00 00:00:00', NULL, NULL, NULL, NULL, NULL, NULL, NULL, NULL),
(449, '0000-00-00 00:00:00', NULL, NULL, NULL, NULL, NULL, NULL, NULL, NULL),
(450, '0000-00-00 00:00:00', NULL, NULL, NULL, NULL, NULL, NULL, NULL, NULL),
(451, '0000-00-00 00:00:00', NULL, NULL, NULL, NULL, NULL, NULL, NULL, NULL),
(452, '0000-00-00 00:00:00', NULL, NULL, NULL, NULL, NULL, NULL, NULL, NULL),
(453, '0000-00-00 00:00:00', NULL, NULL, NULL, NULL, NULL, NULL, NULL, NULL),
(454, '0000-00-00 00:00:00', NULL, NULL, NULL, NULL, NULL, NULL, NULL, NULL),
(455, '0000-00-00 00:00:00', NULL, NULL, NULL, NULL, NULL, NULL, NULL, NULL),
(456, '0000-00-00 00:00:00', NULL, NULL, NULL, NULL, NULL, NULL, NULL, NULL),
(457, '0000-00-00 00:00:00', NULL, NULL, NULL, NULL, NULL, NULL, NULL, NULL),
(458, '0000-00-00 00:00:00', NULL, NULL, NULL, NULL, NULL, NULL, NULL, NULL),
(459, '0000-00-00 00:00:00', NULL, NULL, NULL, NULL, NULL, NULL, NULL, NULL),
(460, '0000-00-00 00:00:00', NULL, NULL, NULL, NULL, NULL, NULL, NULL, NULL),
(461, '0000-00-00 00:00:00', NULL, NULL, NULL, NULL, NULL, NULL, NULL, NULL),
(462, '0000-00-00 00:00:00', NULL, NULL, NULL, NULL, NULL, NULL, NULL, NULL),
(463, '0000-00-00 00:00:00', NULL, NULL, NULL, NULL, NULL, NULL, NULL, NULL),
(464, '0000-00-00 00:00:00', NULL, NULL, NULL, NULL, NULL, NULL, NULL, NULL),
(465, '0000-00-00 00:00:00', NULL, NULL, NULL, NULL, NULL, NULL, NULL, NULL),
(466, '0000-00-00 00:00:00', NULL, NULL, NULL, NULL, NULL, NULL, NULL, NULL),
(467, '0000-00-00 00:00:00', NULL, NULL, NULL, NULL, NULL, NULL, NULL, NULL),
(468, '0000-00-00 00:00:00', NULL, NULL, NULL, NULL, NULL, NULL, NULL, NULL),
(469, '0000-00-00 00:00:00', NULL, NULL, NULL, NULL, NULL, NULL, NULL, NULL),
(470, '0000-00-00 00:00:00', NULL, NULL, NULL, NULL, NULL, NULL, NULL, NULL),
(471, '0000-00-00 00:00:00', NULL, NULL, NULL, NULL, NULL, NULL, NULL, NULL),
(472, '0000-00-00 00:00:00', NULL, NULL, NULL, NULL, NULL, NULL, NULL, NULL),
(473, '0000-00-00 00:00:00', NULL, NULL, NULL, NULL, NULL, NULL, NULL, NULL),
(474, '0000-00-00 00:00:00', NULL, NULL, NULL, NULL, NULL, NULL, NULL, NULL),
(475, '0000-00-00 00:00:00', NULL, NULL, NULL, NULL, NULL, NULL, NULL, NULL),
(476, '0000-00-00 00:00:00', NULL, NULL, NULL, NULL, NULL, NULL, NULL, NULL),
(477, '0000-00-00 00:00:00', NULL, NULL, NULL, NULL, NULL, NULL, NULL, NULL),
(478, '0000-00-00 00:00:00', NULL, NULL, NULL, NULL, NULL, NULL, NULL, NULL),
(479, '0000-00-00 00:00:00', NULL, NULL, NULL, NULL, NULL, NULL, NULL, NULL),
(480, '0000-00-00 00:00:00', NULL, NULL, NULL, NULL, NULL, NULL, NULL, NULL),
(481, '0000-00-00 00:00:00', NULL, NULL, NULL, NULL, NULL, NULL, NULL, NULL),
(482, '0000-00-00 00:00:00', NULL, NULL, NULL, NULL, NULL, NULL, NULL, NULL),
(483, '0000-00-00 00:00:00', NULL, NULL, NULL, NULL, NULL, NULL, NULL, NULL);

-- --------------------------------------------------------

--
-- Table structure for table `t_01vendor`
--

CREATE TABLE IF NOT EXISTS `t_01vendor` (
  `vendor_id` int(11) NOT NULL AUTO_INCREMENT,
  `vendor_nama` varchar(100) NOT NULL,
  PRIMARY KEY (`vendor_id`),
  UNIQUE KEY `vendor_nama` (`vendor_nama`)
) ENGINE=InnoDB  DEFAULT CHARSET=latin1 AUTO_INCREMENT=9 ;

--
-- Dumping data for table `t_01vendor`
--

INSERT INTO `t_01vendor` (`vendor_id`, `vendor_nama`) VALUES
(2, 'Bojonegoro'),
(5, 'Hartono'),
(6, 'Indogrosir'),
(8, 'Knorr'),
(7, 'Miwon'),
(1, 'Nugraha Inti Mulia'),
(4, 'Samudra, Bojonegoro'),
(3, 'UD. Fahar Jaya');

-- --------------------------------------------------------

--
-- Table structure for table `t_02item`
--

CREATE TABLE IF NOT EXISTS `t_02item` (
  `item_id` int(11) NOT NULL AUTO_INCREMENT,
  `item_nama` varchar(100) NOT NULL,
  PRIMARY KEY (`item_id`),
  UNIQUE KEY `item_nama` (`item_nama`)
) ENGINE=InnoDB  DEFAULT CHARSET=latin1 AUTO_INCREMENT=16 ;

--
-- Dumping data for table `t_02item`
--

INSERT INTO `t_02item` (`item_id`, `item_nama`) VALUES
(12, 'ABC-Kecap Manis'),
(11, 'ABC-Saos Sambal 6 Kg'),
(10, 'ABC-Saos Tomat 6 Kg'),
(1, 'OIL-Minyak Goreng *Bimoli (18 ltr)'),
(2, 'RF-Beras Teratai @25 kg/zak'),
(3, 'RF-Tepung Beras RoseBrand @500 gr'),
(4, 'RF-Tepung Cakra Kembar'),
(5, 'RF-Tepung Ketan Putih @500 gr'),
(13, 'RF-Tepung Roti Mamasuka'),
(6, 'RF-Tepung Segitiga Biru'),
(7, 'RF-Tepung Tapioka Gunung Agung @500 gr'),
(14, 'SAUCE - Kokita Bumbu Inti'),
(15, 'SAUCE - Kokita Sambal Bajak Hot'),
(8, 'SEASON Ajinomoto @1 kg'),
(9, 'SUGAR-Gula Lokal Kristal @50 kg');

-- --------------------------------------------------------

--
-- Table structure for table `t_03satuan`
--

CREATE TABLE IF NOT EXISTS `t_03satuan` (
  `satuan_id` int(11) NOT NULL AUTO_INCREMENT,
  `satuan_nama` varchar(50) NOT NULL,
  PRIMARY KEY (`satuan_id`),
  UNIQUE KEY `satuan_nama` (`satuan_nama`)
) ENGINE=InnoDB  DEFAULT CHARSET=latin1 AUTO_INCREMENT=4 ;

--
-- Dumping data for table `t_03satuan`
--

INSERT INTO `t_03satuan` (`satuan_id`, `satuan_nama`) VALUES
(1, 'Jar'),
(2, 'Kg'),
(3, 'Pack');

-- --------------------------------------------------------

--
-- Table structure for table `t_04beli`
--

CREATE TABLE IF NOT EXISTS `t_04beli` (
  `beli_id` int(11) NOT NULL AUTO_INCREMENT,
  `tgl_beli` date DEFAULT NULL,
  `tgl_kirim` date DEFAULT NULL,
  `vendor_id` int(11) NOT NULL,
  `item_id` int(11) NOT NULL,
  `qty` float(14,2) NOT NULL,
  `satuan_id` int(11) NOT NULL,
  `harga` float(14,2) NOT NULL,
  `sub_total` float(14,2) NOT NULL,
  `tgl_dp` date DEFAULT NULL,
  `jml_dp` float(14,2) DEFAULT NULL,
  `tgl_lunas` date DEFAULT NULL,
  `jml_lunas` float(14,2) DEFAULT NULL,
  PRIMARY KEY (`beli_id`)
) ENGINE=InnoDB  DEFAULT CHARSET=latin1 AUTO_INCREMENT=31 ;

--
-- Dumping data for table `t_04beli`
--

INSERT INTO `t_04beli` (`beli_id`, `tgl_beli`, `tgl_kirim`, `vendor_id`, `item_id`, `qty`, `satuan_id`, `harga`, `sub_total`, `tgl_dp`, `jml_dp`, `tgl_lunas`, `jml_lunas`) VALUES
(1, '2017-08-03', '2017-08-05', 1, 1, 30.00, 1, 218000.00, 6540000.00, NULL, NULL, '2017-08-03', 6540000.00),
(2, '2017-08-03', '2017-08-05', 2, 2, 200.00, 2, 10700.00, 2140000.00, NULL, NULL, '2017-08-03', 2140000.00),
(3, '2017-08-03', '2017-08-05', 2, 2, 300.00, 2, 10700.00, 3210000.00, NULL, NULL, '2017-08-03', 3210000.00),
(4, '2017-08-03', '2017-08-03', 3, 3, 40.00, 3, 5250.00, 210000.00, NULL, NULL, '2017-08-03', 210000.00),
(5, '2017-08-03', '2017-08-03', 3, 4, 200.00, 2, 6240.00, 1248000.00, NULL, NULL, '2017-08-03', 1248000.00),
(6, '2017-08-03', '2017-08-03', 3, 5, 40.00, 3, 6800.00, 272000.00, NULL, NULL, '2017-08-03', 272000.00),
(7, '2017-08-03', '2017-08-03', 3, 6, 100.00, 2, 6080.00, 608000.00, NULL, NULL, '2017-08-03', 608000.00),
(8, NULL, NULL, 4, 7, 40.00, 3, 2900.00, 116000.00, NULL, NULL, NULL, 116000.00),
(9, '2017-08-05', '2017-08-05', 1, 8, 24.00, 3, 30416.67, 729984.00, NULL, NULL, '2017-08-05', 729984.00),
(10, '2017-08-03', '2017-08-03', 5, 9, 150.00, 2, 10760.00, 1614000.00, NULL, NULL, '2017-08-03', 1614000.00),
(11, '2017-08-12', '2017-08-12', 6, 10, 4.00, 1, 70600.00, 282400.00, NULL, NULL, '2017-08-12', 282400.00),
(12, '2017-08-14', '2017-08-14', 6, 11, 2.00, 1, 99500.00, 199000.00, NULL, NULL, '2017-08-14', 199000.00),
(13, '2017-08-21', '2017-08-21', 6, 12, 6.00, 1, 99600.00, 597600.00, NULL, NULL, '2017-08-21', 597600.00),
(14, '2017-09-05', '2017-09-05', 2, 2, 500.00, 2, 10800.00, 5400000.00, NULL, NULL, '2017-09-05', 5400000.00),
(15, '2017-09-05', '2017-09-05', 7, 13, 6.00, 2, 49000.00, 294000.00, NULL, NULL, '2017-09-05', 294000.00),
(16, '2017-09-05', '2017-09-05', 6, 11, 3.00, 1, 99000.00, 297000.00, NULL, NULL, '2017-09-05', 297000.00),
(17, '2017-09-05', '2017-09-05', 6, 10, 1.00, 1, 70600.00, 70600.00, NULL, NULL, '2017-09-05', 70600.00),
(18, '2017-09-05', '2017-09-05', 8, 14, 3.00, 1, 232800.00, 698400.00, NULL, NULL, '2017-09-05', 698400.00),
(19, '2017-09-05', '2017-09-05', 8, 15, 3.00, 1, 242500.00, 727500.00, NULL, NULL, '2017-09-05', 727500.00),
(20, '2017-09-06', '2017-09-06', 6, 12, 4.00, 1, 99600.00, 398400.00, NULL, NULL, '2017-09-06', 398400.00),
(21, '2017-09-06', '2017-09-06', 6, 10, 5.00, 1, 70600.00, 353000.00, NULL, NULL, '2017-09-06', 353000.00),
(22, '2017-09-06', '2017-09-06', 6, 11, 5.00, 1, 99000.00, 495000.00, NULL, NULL, '2017-09-06', 495000.00),
(23, '2017-09-06', '2017-09-06', 1, 8, 24.00, 3, 30416.67, 729984.00, NULL, NULL, '2017-09-06', 729984.00),
(24, '2017-09-07', '2017-09-07', 5, 9, 200.00, 2, 10060.00, 2012000.00, NULL, NULL, '2017-09-07', 2012000.00),
(25, '2017-09-07', '2017-09-07', 5, 6, 250.00, 2, 5960.00, 1490000.00, NULL, NULL, '2017-09-07', 1490000.00),
(26, '2017-09-07', '2017-09-07', 5, 4, 50.00, 2, 6240.00, 312000.00, NULL, NULL, '2017-09-07', 312000.00),
(27, '2017-09-07', '2017-09-07', 5, 3, 20.00, 3, 5000.00, 100000.00, NULL, NULL, '2017-09-07', 100000.00),
(28, '2017-09-07', '2017-09-07', 5, 5, 20.00, 3, 6650.00, 133000.00, NULL, NULL, '2017-09-07', 133000.00),
(29, '2017-09-11', '2017-09-11', 5, 9, 100.00, 2, 10060.00, 1006000.00, NULL, NULL, '2017-09-11', 1006000.00),
(30, '2017-09-11', '2017-09-11', 5, 4, 50.00, 2, 6240.00, 312000.00, NULL, NULL, '2017-09-11', 312000.00);

-- --------------------------------------------------------

--
-- Stand-in structure for view `v_01beli_laporan`
--
CREATE TABLE IF NOT EXISTS `v_01beli_laporan` (
`beli_id` int(11)
,`tgl_beli` date
,`tgl_kirim` date
,`vendor_nama` varchar(100)
,`item_nama` varchar(100)
,`qty` float(14,2)
,`satuan_nama` varchar(50)
,`harga` float(14,2)
,`sub_total` float(14,2)
,`tgl_dp` date
,`jml_dp` float(14,2)
,`tgl_lunas` date
,`jml_lunas` float(14,2)
);
-- --------------------------------------------------------

--
-- Structure for view `v_01beli_laporan`
--
DROP TABLE IF EXISTS `v_01beli_laporan`;

CREATE VIEW `v_01beli_laporan` AS select `t_04beli`.`beli_id` AS `beli_id`,`t_04beli`.`tgl_beli` AS `tgl_beli`,`t_04beli`.`tgl_kirim` AS `tgl_kirim`,`t_01vendor`.`vendor_nama` AS `vendor_nama`,`t_02item`.`item_nama` AS `item_nama`,`t_04beli`.`qty` AS `qty`,`t_03satuan`.`satuan_nama` AS `satuan_nama`,`t_04beli`.`harga` AS `harga`,`t_04beli`.`sub_total` AS `sub_total`,`t_04beli`.`tgl_dp` AS `tgl_dp`,`t_04beli`.`jml_dp` AS `jml_dp`,`t_04beli`.`tgl_lunas` AS `tgl_lunas`,`t_04beli`.`jml_lunas` AS `jml_lunas` from (((`t_04beli` join `t_01vendor` on((`t_04beli`.`vendor_id` = `t_01vendor`.`vendor_id`))) join `t_02item` on((`t_04beli`.`item_id` = `t_02item`.`item_id`))) join `t_03satuan` on((`t_04beli`.`satuan_id` = `t_03satuan`.`satuan_id`)));

/*!40101 SET CHARACTER_SET_CLIENT=@OLD_CHARACTER_SET_CLIENT */;
/*!40101 SET CHARACTER_SET_RESULTS=@OLD_CHARACTER_SET_RESULTS */;
/*!40101 SET COLLATION_CONNECTION=@OLD_COLLATION_CONNECTION */;
