-- phpMyAdmin SQL Dump
-- version 4.8.0
-- https://www.phpmyadmin.net/
--
-- Host: localhost
-- Generation Time: Apr 19, 2018 at 04:33 AM
-- Server version: 5.6.14
-- PHP Version: 5.5.6

SET SQL_MODE = "NO_AUTO_VALUE_ON_ZERO";
SET AUTOCOMMIT = 0;
START TRANSACTION;
SET time_zone = "+00:00";


/*!40101 SET @OLD_CHARACTER_SET_CLIENT=@@CHARACTER_SET_CLIENT */;
/*!40101 SET @OLD_CHARACTER_SET_RESULTS=@@CHARACTER_SET_RESULTS */;
/*!40101 SET @OLD_COLLATION_CONNECTION=@@COLLATION_CONNECTION */;
/*!40101 SET NAMES utf8mb4 */;

--
-- Database: `db_stok-master`
--

-- --------------------------------------------------------

--
-- Table structure for table `t_00audit_trail`
--

CREATE TABLE `t_00audit_trail` (
  `id` int(11) NOT NULL,
  `datetime` datetime NOT NULL,
  `script` varchar(255) DEFAULT NULL,
  `user` varchar(255) DEFAULT NULL,
  `action` varchar(255) DEFAULT NULL,
  `table` varchar(255) DEFAULT NULL,
  `field` varchar(255) DEFAULT NULL,
  `keyvalue` longtext,
  `oldvalue` longtext,
  `newvalue` longtext
) ENGINE=InnoDB DEFAULT CHARSET=latin1;

--
-- Dumping data for table `t_00audit_trail`
--

INSERT INTO `t_00audit_trail` (`id`, `datetime`, `script`, `user`, `action`, `table`, `field`, `keyvalue`, `oldvalue`, `newvalue`) VALUES
(1, '2017-09-16 01:07:42', '/stok/t_01vendorlist.php', '-1', 'A', 't_01vendor', 'vendor_nama', '1', '', 'Nugraha Inti Mulia'),
(2, '2017-09-16 01:07:42', '/stok/t_01vendorlist.php', '-1', 'A', 't_01vendor', 'vendor_id', '1', '', '1'),
(3, '2017-09-16 01:08:13', '/stok/t_01vendorlist.php', '-1', 'A', 't_01vendor', 'vendor_nama', '2', '', 'Bojonegoro'),
(4, '2017-09-16 01:08:13', '/stok/t_01vendorlist.php', '-1', 'A', 't_01vendor', 'vendor_id', '2', '', '2'),
(5, '2017-09-16 01:08:47', '/stok/t_01vendorlist.php', '-1', 'A', 't_01vendor', 'vendor_nama', '3', '', 'UD. Fahar Jaya'),
(6, '2017-09-16 01:08:47', '/stok/t_01vendorlist.php', '-1', 'A', 't_01vendor', 'vendor_id', '3', '', '3'),
(7, '2017-09-16 01:13:25', '/stok/t_02itemlist.php', '-1', 'A', 't_02item', 'item_nama', '1', '', 'OIL-Minyak Goreng *Bimoli (18 ltr)'),
(8, '2017-09-16 01:13:25', '/stok/t_02itemlist.php', '-1', 'A', 't_02item', 'item_id', '1', '', '1'),
(9, '2017-09-16 01:14:02', '/stok/t_02itemlist.php', '-1', '*** Batch insert begin ***', 't_02item', '', '', '', ''),
(10, '2017-09-16 01:14:02', '/stok/t_02itemlist.php', '-1', 'A', 't_02item', 'item_nama', '2', '', 'RF-Beras Teratai @25 kg/zak'),
(11, '2017-09-16 01:14:02', '/stok/t_02itemlist.php', '-1', 'A', 't_02item', 'item_id', '2', '', '2'),
(12, '2017-09-16 01:14:03', '/stok/t_02itemlist.php', '-1', '*** Batch insert successful ***', 't_02item', '', '', '', ''),
(13, '2017-09-16 01:17:20', '/stok/t_03satuanlist.php', '-1', '*** Batch insert begin ***', 't_03satuan', '', '', '', ''),
(14, '2017-09-16 01:17:20', '/stok/t_03satuanlist.php', '-1', 'A', 't_03satuan', 'satuan_nama', '1', '', 'Jar'),
(15, '2017-09-16 01:17:20', '/stok/t_03satuanlist.php', '-1', 'A', 't_03satuan', 'satuan_id', '1', '', '1'),
(16, '2017-09-16 01:17:20', '/stok/t_03satuanlist.php', '-1', 'A', 't_03satuan', 'satuan_nama', '2', '', 'Kg'),
(17, '2017-09-16 01:17:20', '/stok/t_03satuanlist.php', '-1', 'A', 't_03satuan', 'satuan_id', '2', '', '2'),
(18, '2017-09-16 01:17:20', '/stok/t_03satuanlist.php', '-1', '*** Batch insert successful ***', 't_03satuan', '', '', '', ''),
(20, '2017-09-16 08:40:40', '/stok/v_01belilist.php', '-1', '*** Batch insert rollback ***', 'v_01beli', '', '', '', ''),
(21, '2017-09-16 09:16:45', '/stok/t_04belilist.php', '-1', 'A', 't_04beli', 'tgl_beli', '1', '', '2017-09-03'),
(22, '2017-09-16 09:16:45', '/stok/t_04belilist.php', '-1', 'A', 't_04beli', 'tgl_kirim', '1', '', '2017-09-08'),
(23, '2017-09-16 09:16:45', '/stok/t_04belilist.php', '-1', 'A', 't_04beli', 'vendor_id', '1', '', '1'),
(24, '2017-09-16 09:16:45', '/stok/t_04belilist.php', '-1', 'A', 't_04beli', 'item_id', '1', '', '1'),
(25, '2017-09-16 09:16:45', '/stok/t_04belilist.php', '-1', 'A', 't_04beli', 'qty', '1', '', '30'),
(26, '2017-09-16 09:16:45', '/stok/t_04belilist.php', '-1', 'A', 't_04beli', 'satuan_id', '1', '', '1'),
(27, '2017-09-16 09:16:45', '/stok/t_04belilist.php', '-1', 'A', 't_04beli', 'harga', '1', '', '218000'),
(28, '2017-09-16 09:16:45', '/stok/t_04belilist.php', '-1', 'A', 't_04beli', 'sub_total', '1', '', '0'),
(29, '2017-09-16 09:16:45', '/stok/t_04belilist.php', '-1', 'A', 't_04beli', 'tgl_dp', '1', '', NULL),
(30, '2017-09-16 09:16:45', '/stok/t_04belilist.php', '-1', 'A', 't_04beli', 'jml_dp', '1', '', NULL),
(31, '2017-09-16 09:16:45', '/stok/t_04belilist.php', '-1', 'A', 't_04beli', 'tgl_lunas', '1', '', NULL),
(32, '2017-09-16 09:16:45', '/stok/t_04belilist.php', '-1', 'A', 't_04beli', 'jml_lunas', '1', '', NULL),
(33, '2017-09-16 09:16:45', '/stok/t_04belilist.php', '-1', 'A', 't_04beli', 'beli_id', '1', '', '1'),
(34, '0000-00-00 00:00:00', NULL, NULL, NULL, NULL, NULL, NULL, NULL, NULL),
(35, '0000-00-00 00:00:00', NULL, NULL, NULL, NULL, NULL, NULL, NULL, NULL),
(36, '0000-00-00 00:00:00', NULL, NULL, NULL, NULL, NULL, NULL, NULL, NULL),
(37, '0000-00-00 00:00:00', NULL, NULL, NULL, NULL, NULL, NULL, NULL, NULL),
(38, '0000-00-00 00:00:00', NULL, NULL, NULL, NULL, NULL, NULL, NULL, NULL),
(39, '0000-00-00 00:00:00', NULL, NULL, NULL, NULL, NULL, NULL, NULL, NULL),
(40, '0000-00-00 00:00:00', NULL, NULL, NULL, NULL, NULL, NULL, NULL, NULL),
(41, '0000-00-00 00:00:00', NULL, NULL, NULL, NULL, NULL, NULL, NULL, NULL),
(42, '0000-00-00 00:00:00', NULL, NULL, NULL, NULL, NULL, NULL, NULL, NULL),
(43, '0000-00-00 00:00:00', NULL, NULL, NULL, NULL, NULL, NULL, NULL, NULL),
(44, '0000-00-00 00:00:00', NULL, NULL, NULL, NULL, NULL, NULL, NULL, NULL),
(45, '0000-00-00 00:00:00', NULL, NULL, NULL, NULL, NULL, NULL, NULL, NULL),
(46, '0000-00-00 00:00:00', NULL, NULL, NULL, NULL, NULL, NULL, NULL, NULL),
(47, '0000-00-00 00:00:00', NULL, NULL, NULL, NULL, NULL, NULL, NULL, NULL),
(48, '0000-00-00 00:00:00', NULL, NULL, NULL, NULL, NULL, NULL, NULL, NULL),
(49, '0000-00-00 00:00:00', NULL, NULL, NULL, NULL, NULL, NULL, NULL, NULL),
(50, '0000-00-00 00:00:00', NULL, NULL, NULL, NULL, NULL, NULL, NULL, NULL),
(51, '0000-00-00 00:00:00', NULL, NULL, NULL, NULL, NULL, NULL, NULL, NULL),
(52, '0000-00-00 00:00:00', NULL, NULL, NULL, NULL, NULL, NULL, NULL, NULL),
(53, '0000-00-00 00:00:00', NULL, NULL, NULL, NULL, NULL, NULL, NULL, NULL),
(54, '0000-00-00 00:00:00', NULL, NULL, NULL, NULL, NULL, NULL, NULL, NULL),
(55, '0000-00-00 00:00:00', NULL, NULL, NULL, NULL, NULL, NULL, NULL, NULL),
(56, '0000-00-00 00:00:00', NULL, NULL, NULL, NULL, NULL, NULL, NULL, NULL),
(57, '0000-00-00 00:00:00', NULL, NULL, NULL, NULL, NULL, NULL, NULL, NULL),
(58, '0000-00-00 00:00:00', NULL, NULL, NULL, NULL, NULL, NULL, NULL, NULL),
(59, '0000-00-00 00:00:00', NULL, NULL, NULL, NULL, NULL, NULL, NULL, NULL),
(60, '0000-00-00 00:00:00', NULL, NULL, NULL, NULL, NULL, NULL, NULL, NULL),
(61, '0000-00-00 00:00:00', NULL, NULL, NULL, NULL, NULL, NULL, NULL, NULL),
(62, '0000-00-00 00:00:00', NULL, NULL, NULL, NULL, NULL, NULL, NULL, NULL),
(63, '0000-00-00 00:00:00', NULL, NULL, NULL, NULL, NULL, NULL, NULL, NULL),
(64, '0000-00-00 00:00:00', NULL, NULL, NULL, NULL, NULL, NULL, NULL, NULL),
(65, '0000-00-00 00:00:00', NULL, NULL, NULL, NULL, NULL, NULL, NULL, NULL),
(66, '0000-00-00 00:00:00', NULL, NULL, NULL, NULL, NULL, NULL, NULL, NULL),
(67, '0000-00-00 00:00:00', NULL, NULL, NULL, NULL, NULL, NULL, NULL, NULL),
(68, '0000-00-00 00:00:00', NULL, NULL, NULL, NULL, NULL, NULL, NULL, NULL),
(69, '0000-00-00 00:00:00', NULL, NULL, NULL, NULL, NULL, NULL, NULL, NULL),
(70, '0000-00-00 00:00:00', NULL, NULL, NULL, NULL, NULL, NULL, NULL, NULL),
(71, '0000-00-00 00:00:00', NULL, NULL, NULL, NULL, NULL, NULL, NULL, NULL),
(72, '0000-00-00 00:00:00', NULL, NULL, NULL, NULL, NULL, NULL, NULL, NULL),
(73, '0000-00-00 00:00:00', NULL, NULL, NULL, NULL, NULL, NULL, NULL, NULL),
(74, '0000-00-00 00:00:00', NULL, NULL, NULL, NULL, NULL, NULL, NULL, NULL),
(75, '0000-00-00 00:00:00', NULL, NULL, NULL, NULL, NULL, NULL, NULL, NULL),
(76, '0000-00-00 00:00:00', NULL, NULL, NULL, NULL, NULL, NULL, NULL, NULL),
(77, '0000-00-00 00:00:00', NULL, NULL, NULL, NULL, NULL, NULL, NULL, NULL),
(78, '0000-00-00 00:00:00', NULL, NULL, NULL, NULL, NULL, NULL, NULL, NULL),
(79, '0000-00-00 00:00:00', NULL, NULL, NULL, NULL, NULL, NULL, NULL, NULL),
(80, '0000-00-00 00:00:00', NULL, NULL, NULL, NULL, NULL, NULL, NULL, NULL),
(81, '0000-00-00 00:00:00', NULL, NULL, NULL, NULL, NULL, NULL, NULL, NULL),
(82, '0000-00-00 00:00:00', NULL, NULL, NULL, NULL, NULL, NULL, NULL, NULL),
(83, '0000-00-00 00:00:00', NULL, NULL, NULL, NULL, NULL, NULL, NULL, NULL),
(84, '0000-00-00 00:00:00', NULL, NULL, NULL, NULL, NULL, NULL, NULL, NULL),
(85, '0000-00-00 00:00:00', NULL, NULL, NULL, NULL, NULL, NULL, NULL, NULL),
(86, '0000-00-00 00:00:00', NULL, NULL, NULL, NULL, NULL, NULL, NULL, NULL),
(87, '0000-00-00 00:00:00', NULL, NULL, NULL, NULL, NULL, NULL, NULL, NULL),
(88, '0000-00-00 00:00:00', NULL, NULL, NULL, NULL, NULL, NULL, NULL, NULL),
(89, '0000-00-00 00:00:00', NULL, NULL, NULL, NULL, NULL, NULL, NULL, NULL),
(90, '0000-00-00 00:00:00', NULL, NULL, NULL, NULL, NULL, NULL, NULL, NULL),
(91, '0000-00-00 00:00:00', NULL, NULL, NULL, NULL, NULL, NULL, NULL, NULL),
(92, '0000-00-00 00:00:00', NULL, NULL, NULL, NULL, NULL, NULL, NULL, NULL),
(93, '0000-00-00 00:00:00', NULL, NULL, NULL, NULL, NULL, NULL, NULL, NULL),
(94, '0000-00-00 00:00:00', NULL, NULL, NULL, NULL, NULL, NULL, NULL, NULL),
(95, '0000-00-00 00:00:00', NULL, NULL, NULL, NULL, NULL, NULL, NULL, NULL),
(96, '0000-00-00 00:00:00', NULL, NULL, NULL, NULL, NULL, NULL, NULL, NULL),
(97, '0000-00-00 00:00:00', NULL, NULL, NULL, NULL, NULL, NULL, NULL, NULL),
(98, '0000-00-00 00:00:00', NULL, NULL, NULL, NULL, NULL, NULL, NULL, NULL),
(99, '0000-00-00 00:00:00', NULL, NULL, NULL, NULL, NULL, NULL, NULL, NULL),
(100, '0000-00-00 00:00:00', NULL, NULL, NULL, NULL, NULL, NULL, NULL, NULL),
(101, '0000-00-00 00:00:00', NULL, NULL, NULL, NULL, NULL, NULL, NULL, NULL),
(102, '0000-00-00 00:00:00', NULL, NULL, NULL, NULL, NULL, NULL, NULL, NULL),
(103, '0000-00-00 00:00:00', NULL, NULL, NULL, NULL, NULL, NULL, NULL, NULL),
(104, '0000-00-00 00:00:00', NULL, NULL, NULL, NULL, NULL, NULL, NULL, NULL),
(105, '0000-00-00 00:00:00', NULL, NULL, NULL, NULL, NULL, NULL, NULL, NULL),
(106, '0000-00-00 00:00:00', NULL, NULL, NULL, NULL, NULL, NULL, NULL, NULL),
(107, '0000-00-00 00:00:00', NULL, NULL, NULL, NULL, NULL, NULL, NULL, NULL),
(108, '0000-00-00 00:00:00', NULL, NULL, NULL, NULL, NULL, NULL, NULL, NULL),
(109, '0000-00-00 00:00:00', NULL, NULL, NULL, NULL, NULL, NULL, NULL, NULL),
(110, '0000-00-00 00:00:00', NULL, NULL, NULL, NULL, NULL, NULL, NULL, NULL),
(111, '0000-00-00 00:00:00', NULL, NULL, NULL, NULL, NULL, NULL, NULL, NULL),
(112, '0000-00-00 00:00:00', NULL, NULL, NULL, NULL, NULL, NULL, NULL, NULL),
(113, '0000-00-00 00:00:00', NULL, NULL, NULL, NULL, NULL, NULL, NULL, NULL),
(114, '0000-00-00 00:00:00', NULL, NULL, NULL, NULL, NULL, NULL, NULL, NULL),
(115, '0000-00-00 00:00:00', NULL, NULL, NULL, NULL, NULL, NULL, NULL, NULL),
(116, '0000-00-00 00:00:00', NULL, NULL, NULL, NULL, NULL, NULL, NULL, NULL),
(117, '0000-00-00 00:00:00', NULL, NULL, NULL, NULL, NULL, NULL, NULL, NULL),
(118, '0000-00-00 00:00:00', NULL, NULL, NULL, NULL, NULL, NULL, NULL, NULL),
(119, '0000-00-00 00:00:00', NULL, NULL, NULL, NULL, NULL, NULL, NULL, NULL),
(120, '0000-00-00 00:00:00', NULL, NULL, NULL, NULL, NULL, NULL, NULL, NULL),
(121, '0000-00-00 00:00:00', NULL, NULL, NULL, NULL, NULL, NULL, NULL, NULL),
(122, '0000-00-00 00:00:00', NULL, NULL, NULL, NULL, NULL, NULL, NULL, NULL),
(123, '0000-00-00 00:00:00', NULL, NULL, NULL, NULL, NULL, NULL, NULL, NULL),
(124, '0000-00-00 00:00:00', NULL, NULL, NULL, NULL, NULL, NULL, NULL, NULL),
(125, '0000-00-00 00:00:00', NULL, NULL, NULL, NULL, NULL, NULL, NULL, NULL),
(126, '0000-00-00 00:00:00', NULL, NULL, NULL, NULL, NULL, NULL, NULL, NULL),
(127, '0000-00-00 00:00:00', NULL, NULL, NULL, NULL, NULL, NULL, NULL, NULL),
(128, '0000-00-00 00:00:00', NULL, NULL, NULL, NULL, NULL, NULL, NULL, NULL),
(129, '0000-00-00 00:00:00', NULL, NULL, NULL, NULL, NULL, NULL, NULL, NULL),
(130, '0000-00-00 00:00:00', NULL, NULL, NULL, NULL, NULL, NULL, NULL, NULL),
(131, '0000-00-00 00:00:00', NULL, NULL, NULL, NULL, NULL, NULL, NULL, NULL),
(132, '0000-00-00 00:00:00', NULL, NULL, NULL, NULL, NULL, NULL, NULL, NULL),
(133, '0000-00-00 00:00:00', NULL, NULL, NULL, NULL, NULL, NULL, NULL, NULL),
(134, '0000-00-00 00:00:00', NULL, NULL, NULL, NULL, NULL, NULL, NULL, NULL),
(135, '0000-00-00 00:00:00', NULL, NULL, NULL, NULL, NULL, NULL, NULL, NULL),
(136, '0000-00-00 00:00:00', NULL, NULL, NULL, NULL, NULL, NULL, NULL, NULL),
(137, '0000-00-00 00:00:00', NULL, NULL, NULL, NULL, NULL, NULL, NULL, NULL),
(138, '0000-00-00 00:00:00', NULL, NULL, NULL, NULL, NULL, NULL, NULL, NULL),
(139, '0000-00-00 00:00:00', NULL, NULL, NULL, NULL, NULL, NULL, NULL, NULL),
(140, '0000-00-00 00:00:00', NULL, NULL, NULL, NULL, NULL, NULL, NULL, NULL),
(141, '0000-00-00 00:00:00', NULL, NULL, NULL, NULL, NULL, NULL, NULL, NULL),
(142, '0000-00-00 00:00:00', NULL, NULL, NULL, NULL, NULL, NULL, NULL, NULL),
(143, '0000-00-00 00:00:00', NULL, NULL, NULL, NULL, NULL, NULL, NULL, NULL),
(144, '0000-00-00 00:00:00', NULL, NULL, NULL, NULL, NULL, NULL, NULL, NULL),
(145, '0000-00-00 00:00:00', NULL, NULL, NULL, NULL, NULL, NULL, NULL, NULL),
(146, '0000-00-00 00:00:00', NULL, NULL, NULL, NULL, NULL, NULL, NULL, NULL),
(147, '0000-00-00 00:00:00', NULL, NULL, NULL, NULL, NULL, NULL, NULL, NULL),
(148, '0000-00-00 00:00:00', NULL, NULL, NULL, NULL, NULL, NULL, NULL, NULL),
(149, '0000-00-00 00:00:00', NULL, NULL, NULL, NULL, NULL, NULL, NULL, NULL),
(150, '0000-00-00 00:00:00', NULL, NULL, NULL, NULL, NULL, NULL, NULL, NULL),
(151, '0000-00-00 00:00:00', NULL, NULL, NULL, NULL, NULL, NULL, NULL, NULL),
(152, '0000-00-00 00:00:00', NULL, NULL, NULL, NULL, NULL, NULL, NULL, NULL),
(153, '0000-00-00 00:00:00', NULL, NULL, NULL, NULL, NULL, NULL, NULL, NULL),
(154, '0000-00-00 00:00:00', NULL, NULL, NULL, NULL, NULL, NULL, NULL, NULL),
(155, '0000-00-00 00:00:00', NULL, NULL, NULL, NULL, NULL, NULL, NULL, NULL),
(156, '0000-00-00 00:00:00', NULL, NULL, NULL, NULL, NULL, NULL, NULL, NULL),
(157, '0000-00-00 00:00:00', NULL, NULL, NULL, NULL, NULL, NULL, NULL, NULL),
(158, '0000-00-00 00:00:00', NULL, NULL, NULL, NULL, NULL, NULL, NULL, NULL),
(159, '0000-00-00 00:00:00', NULL, NULL, NULL, NULL, NULL, NULL, NULL, NULL),
(160, '0000-00-00 00:00:00', NULL, NULL, NULL, NULL, NULL, NULL, NULL, NULL),
(161, '0000-00-00 00:00:00', NULL, NULL, NULL, NULL, NULL, NULL, NULL, NULL),
(162, '0000-00-00 00:00:00', NULL, NULL, NULL, NULL, NULL, NULL, NULL, NULL),
(163, '0000-00-00 00:00:00', NULL, NULL, NULL, NULL, NULL, NULL, NULL, NULL),
(164, '0000-00-00 00:00:00', NULL, NULL, NULL, NULL, NULL, NULL, NULL, NULL),
(165, '0000-00-00 00:00:00', NULL, NULL, NULL, NULL, NULL, NULL, NULL, NULL),
(166, '0000-00-00 00:00:00', NULL, NULL, NULL, NULL, NULL, NULL, NULL, NULL),
(167, '0000-00-00 00:00:00', NULL, NULL, NULL, NULL, NULL, NULL, NULL, NULL),
(168, '0000-00-00 00:00:00', NULL, NULL, NULL, NULL, NULL, NULL, NULL, NULL),
(169, '0000-00-00 00:00:00', NULL, NULL, NULL, NULL, NULL, NULL, NULL, NULL),
(170, '0000-00-00 00:00:00', NULL, NULL, NULL, NULL, NULL, NULL, NULL, NULL),
(171, '0000-00-00 00:00:00', NULL, NULL, NULL, NULL, NULL, NULL, NULL, NULL),
(172, '0000-00-00 00:00:00', NULL, NULL, NULL, NULL, NULL, NULL, NULL, NULL),
(173, '0000-00-00 00:00:00', NULL, NULL, NULL, NULL, NULL, NULL, NULL, NULL),
(174, '0000-00-00 00:00:00', NULL, NULL, NULL, NULL, NULL, NULL, NULL, NULL),
(175, '0000-00-00 00:00:00', NULL, NULL, NULL, NULL, NULL, NULL, NULL, NULL),
(176, '0000-00-00 00:00:00', NULL, NULL, NULL, NULL, NULL, NULL, NULL, NULL),
(177, '0000-00-00 00:00:00', NULL, NULL, NULL, NULL, NULL, NULL, NULL, NULL),
(178, '0000-00-00 00:00:00', NULL, NULL, NULL, NULL, NULL, NULL, NULL, NULL),
(179, '0000-00-00 00:00:00', NULL, NULL, NULL, NULL, NULL, NULL, NULL, NULL),
(180, '0000-00-00 00:00:00', NULL, NULL, NULL, NULL, NULL, NULL, NULL, NULL),
(181, '0000-00-00 00:00:00', NULL, NULL, NULL, NULL, NULL, NULL, NULL, NULL),
(182, '0000-00-00 00:00:00', NULL, NULL, NULL, NULL, NULL, NULL, NULL, NULL),
(183, '0000-00-00 00:00:00', NULL, NULL, NULL, NULL, NULL, NULL, NULL, NULL),
(184, '0000-00-00 00:00:00', NULL, NULL, NULL, NULL, NULL, NULL, NULL, NULL),
(185, '0000-00-00 00:00:00', NULL, NULL, NULL, NULL, NULL, NULL, NULL, NULL),
(186, '0000-00-00 00:00:00', NULL, NULL, NULL, NULL, NULL, NULL, NULL, NULL),
(187, '0000-00-00 00:00:00', NULL, NULL, NULL, NULL, NULL, NULL, NULL, NULL),
(188, '0000-00-00 00:00:00', NULL, NULL, NULL, NULL, NULL, NULL, NULL, NULL),
(189, '0000-00-00 00:00:00', NULL, NULL, NULL, NULL, NULL, NULL, NULL, NULL),
(190, '0000-00-00 00:00:00', NULL, NULL, NULL, NULL, NULL, NULL, NULL, NULL),
(191, '0000-00-00 00:00:00', NULL, NULL, NULL, NULL, NULL, NULL, NULL, NULL),
(192, '0000-00-00 00:00:00', NULL, NULL, NULL, NULL, NULL, NULL, NULL, NULL),
(193, '0000-00-00 00:00:00', NULL, NULL, NULL, NULL, NULL, NULL, NULL, NULL),
(194, '0000-00-00 00:00:00', NULL, NULL, NULL, NULL, NULL, NULL, NULL, NULL),
(195, '0000-00-00 00:00:00', NULL, NULL, NULL, NULL, NULL, NULL, NULL, NULL),
(196, '0000-00-00 00:00:00', NULL, NULL, NULL, NULL, NULL, NULL, NULL, NULL),
(197, '0000-00-00 00:00:00', NULL, NULL, NULL, NULL, NULL, NULL, NULL, NULL),
(198, '0000-00-00 00:00:00', NULL, NULL, NULL, NULL, NULL, NULL, NULL, NULL),
(199, '0000-00-00 00:00:00', NULL, NULL, NULL, NULL, NULL, NULL, NULL, NULL),
(200, '0000-00-00 00:00:00', NULL, NULL, NULL, NULL, NULL, NULL, NULL, NULL),
(201, '0000-00-00 00:00:00', NULL, NULL, NULL, NULL, NULL, NULL, NULL, NULL),
(202, '0000-00-00 00:00:00', NULL, NULL, NULL, NULL, NULL, NULL, NULL, NULL),
(203, '0000-00-00 00:00:00', NULL, NULL, NULL, NULL, NULL, NULL, NULL, NULL),
(204, '0000-00-00 00:00:00', NULL, NULL, NULL, NULL, NULL, NULL, NULL, NULL),
(205, '0000-00-00 00:00:00', NULL, NULL, NULL, NULL, NULL, NULL, NULL, NULL),
(206, '0000-00-00 00:00:00', NULL, NULL, NULL, NULL, NULL, NULL, NULL, NULL),
(207, '0000-00-00 00:00:00', NULL, NULL, NULL, NULL, NULL, NULL, NULL, NULL),
(208, '0000-00-00 00:00:00', NULL, NULL, NULL, NULL, NULL, NULL, NULL, NULL),
(209, '0000-00-00 00:00:00', NULL, NULL, NULL, NULL, NULL, NULL, NULL, NULL),
(210, '0000-00-00 00:00:00', NULL, NULL, NULL, NULL, NULL, NULL, NULL, NULL),
(211, '0000-00-00 00:00:00', NULL, NULL, NULL, NULL, NULL, NULL, NULL, NULL),
(212, '0000-00-00 00:00:00', NULL, NULL, NULL, NULL, NULL, NULL, NULL, NULL),
(213, '0000-00-00 00:00:00', NULL, NULL, NULL, NULL, NULL, NULL, NULL, NULL),
(214, '0000-00-00 00:00:00', NULL, NULL, NULL, NULL, NULL, NULL, NULL, NULL),
(215, '0000-00-00 00:00:00', NULL, NULL, NULL, NULL, NULL, NULL, NULL, NULL),
(216, '0000-00-00 00:00:00', NULL, NULL, NULL, NULL, NULL, NULL, NULL, NULL),
(217, '0000-00-00 00:00:00', NULL, NULL, NULL, NULL, NULL, NULL, NULL, NULL),
(218, '0000-00-00 00:00:00', NULL, NULL, NULL, NULL, NULL, NULL, NULL, NULL),
(219, '0000-00-00 00:00:00', NULL, NULL, NULL, NULL, NULL, NULL, NULL, NULL),
(220, '0000-00-00 00:00:00', NULL, NULL, NULL, NULL, NULL, NULL, NULL, NULL),
(221, '0000-00-00 00:00:00', NULL, NULL, NULL, NULL, NULL, NULL, NULL, NULL),
(222, '0000-00-00 00:00:00', NULL, NULL, NULL, NULL, NULL, NULL, NULL, NULL),
(223, '0000-00-00 00:00:00', NULL, NULL, NULL, NULL, NULL, NULL, NULL, NULL),
(224, '0000-00-00 00:00:00', NULL, NULL, NULL, NULL, NULL, NULL, NULL, NULL),
(225, '0000-00-00 00:00:00', NULL, NULL, NULL, NULL, NULL, NULL, NULL, NULL),
(226, '0000-00-00 00:00:00', NULL, NULL, NULL, NULL, NULL, NULL, NULL, NULL),
(227, '0000-00-00 00:00:00', NULL, NULL, NULL, NULL, NULL, NULL, NULL, NULL),
(228, '0000-00-00 00:00:00', NULL, NULL, NULL, NULL, NULL, NULL, NULL, NULL),
(229, '0000-00-00 00:00:00', NULL, NULL, NULL, NULL, NULL, NULL, NULL, NULL),
(230, '0000-00-00 00:00:00', NULL, NULL, NULL, NULL, NULL, NULL, NULL, NULL),
(231, '0000-00-00 00:00:00', NULL, NULL, NULL, NULL, NULL, NULL, NULL, NULL),
(232, '0000-00-00 00:00:00', NULL, NULL, NULL, NULL, NULL, NULL, NULL, NULL),
(233, '0000-00-00 00:00:00', NULL, NULL, NULL, NULL, NULL, NULL, NULL, NULL),
(234, '0000-00-00 00:00:00', NULL, NULL, NULL, NULL, NULL, NULL, NULL, NULL),
(235, '0000-00-00 00:00:00', NULL, NULL, NULL, NULL, NULL, NULL, NULL, NULL),
(236, '0000-00-00 00:00:00', NULL, NULL, NULL, NULL, NULL, NULL, NULL, NULL),
(237, '0000-00-00 00:00:00', NULL, NULL, NULL, NULL, NULL, NULL, NULL, NULL),
(238, '0000-00-00 00:00:00', NULL, NULL, NULL, NULL, NULL, NULL, NULL, NULL),
(239, '0000-00-00 00:00:00', NULL, NULL, NULL, NULL, NULL, NULL, NULL, NULL),
(240, '0000-00-00 00:00:00', NULL, NULL, NULL, NULL, NULL, NULL, NULL, NULL),
(241, '0000-00-00 00:00:00', NULL, NULL, NULL, NULL, NULL, NULL, NULL, NULL),
(242, '0000-00-00 00:00:00', NULL, NULL, NULL, NULL, NULL, NULL, NULL, NULL),
(243, '0000-00-00 00:00:00', NULL, NULL, NULL, NULL, NULL, NULL, NULL, NULL),
(244, '0000-00-00 00:00:00', NULL, NULL, NULL, NULL, NULL, NULL, NULL, NULL),
(245, '0000-00-00 00:00:00', NULL, NULL, NULL, NULL, NULL, NULL, NULL, NULL),
(246, '0000-00-00 00:00:00', NULL, NULL, NULL, NULL, NULL, NULL, NULL, NULL),
(247, '0000-00-00 00:00:00', NULL, NULL, NULL, NULL, NULL, NULL, NULL, NULL),
(248, '0000-00-00 00:00:00', NULL, NULL, NULL, NULL, NULL, NULL, NULL, NULL),
(249, '0000-00-00 00:00:00', NULL, NULL, NULL, NULL, NULL, NULL, NULL, NULL),
(250, '0000-00-00 00:00:00', NULL, NULL, NULL, NULL, NULL, NULL, NULL, NULL),
(251, '0000-00-00 00:00:00', NULL, NULL, NULL, NULL, NULL, NULL, NULL, NULL),
(252, '0000-00-00 00:00:00', NULL, NULL, NULL, NULL, NULL, NULL, NULL, NULL),
(253, '0000-00-00 00:00:00', NULL, NULL, NULL, NULL, NULL, NULL, NULL, NULL),
(254, '0000-00-00 00:00:00', NULL, NULL, NULL, NULL, NULL, NULL, NULL, NULL),
(255, '0000-00-00 00:00:00', NULL, NULL, NULL, NULL, NULL, NULL, NULL, NULL),
(256, '0000-00-00 00:00:00', NULL, NULL, NULL, NULL, NULL, NULL, NULL, NULL),
(257, '0000-00-00 00:00:00', NULL, NULL, NULL, NULL, NULL, NULL, NULL, NULL),
(258, '0000-00-00 00:00:00', NULL, NULL, NULL, NULL, NULL, NULL, NULL, NULL),
(259, '0000-00-00 00:00:00', NULL, NULL, NULL, NULL, NULL, NULL, NULL, NULL),
(260, '0000-00-00 00:00:00', NULL, NULL, NULL, NULL, NULL, NULL, NULL, NULL),
(261, '0000-00-00 00:00:00', NULL, NULL, NULL, NULL, NULL, NULL, NULL, NULL),
(262, '0000-00-00 00:00:00', NULL, NULL, NULL, NULL, NULL, NULL, NULL, NULL),
(263, '0000-00-00 00:00:00', NULL, NULL, NULL, NULL, NULL, NULL, NULL, NULL),
(264, '0000-00-00 00:00:00', NULL, NULL, NULL, NULL, NULL, NULL, NULL, NULL),
(265, '0000-00-00 00:00:00', NULL, NULL, NULL, NULL, NULL, NULL, NULL, NULL),
(266, '0000-00-00 00:00:00', NULL, NULL, NULL, NULL, NULL, NULL, NULL, NULL),
(267, '0000-00-00 00:00:00', NULL, NULL, NULL, NULL, NULL, NULL, NULL, NULL),
(268, '0000-00-00 00:00:00', NULL, NULL, NULL, NULL, NULL, NULL, NULL, NULL),
(269, '0000-00-00 00:00:00', NULL, NULL, NULL, NULL, NULL, NULL, NULL, NULL),
(270, '0000-00-00 00:00:00', NULL, NULL, NULL, NULL, NULL, NULL, NULL, NULL),
(271, '0000-00-00 00:00:00', NULL, NULL, NULL, NULL, NULL, NULL, NULL, NULL),
(272, '0000-00-00 00:00:00', NULL, NULL, NULL, NULL, NULL, NULL, NULL, NULL),
(273, '0000-00-00 00:00:00', NULL, NULL, NULL, NULL, NULL, NULL, NULL, NULL),
(274, '0000-00-00 00:00:00', NULL, NULL, NULL, NULL, NULL, NULL, NULL, NULL),
(275, '0000-00-00 00:00:00', NULL, NULL, NULL, NULL, NULL, NULL, NULL, NULL),
(276, '0000-00-00 00:00:00', NULL, NULL, NULL, NULL, NULL, NULL, NULL, NULL),
(277, '0000-00-00 00:00:00', NULL, NULL, NULL, NULL, NULL, NULL, NULL, NULL),
(278, '0000-00-00 00:00:00', NULL, NULL, NULL, NULL, NULL, NULL, NULL, NULL),
(279, '0000-00-00 00:00:00', NULL, NULL, NULL, NULL, NULL, NULL, NULL, NULL),
(280, '0000-00-00 00:00:00', NULL, NULL, NULL, NULL, NULL, NULL, NULL, NULL),
(281, '0000-00-00 00:00:00', NULL, NULL, NULL, NULL, NULL, NULL, NULL, NULL),
(282, '0000-00-00 00:00:00', NULL, NULL, NULL, NULL, NULL, NULL, NULL, NULL),
(283, '0000-00-00 00:00:00', NULL, NULL, NULL, NULL, NULL, NULL, NULL, NULL),
(284, '0000-00-00 00:00:00', NULL, NULL, NULL, NULL, NULL, NULL, NULL, NULL),
(285, '0000-00-00 00:00:00', NULL, NULL, NULL, NULL, NULL, NULL, NULL, NULL),
(286, '0000-00-00 00:00:00', NULL, NULL, NULL, NULL, NULL, NULL, NULL, NULL),
(287, '0000-00-00 00:00:00', NULL, NULL, NULL, NULL, NULL, NULL, NULL, NULL),
(288, '0000-00-00 00:00:00', NULL, NULL, NULL, NULL, NULL, NULL, NULL, NULL),
(289, '0000-00-00 00:00:00', NULL, NULL, NULL, NULL, NULL, NULL, NULL, NULL),
(290, '0000-00-00 00:00:00', NULL, NULL, NULL, NULL, NULL, NULL, NULL, NULL),
(291, '0000-00-00 00:00:00', NULL, NULL, NULL, NULL, NULL, NULL, NULL, NULL),
(292, '0000-00-00 00:00:00', NULL, NULL, NULL, NULL, NULL, NULL, NULL, NULL),
(293, '0000-00-00 00:00:00', NULL, NULL, NULL, NULL, NULL, NULL, NULL, NULL),
(294, '0000-00-00 00:00:00', NULL, NULL, NULL, NULL, NULL, NULL, NULL, NULL),
(295, '0000-00-00 00:00:00', NULL, NULL, NULL, NULL, NULL, NULL, NULL, NULL),
(296, '0000-00-00 00:00:00', NULL, NULL, NULL, NULL, NULL, NULL, NULL, NULL),
(297, '0000-00-00 00:00:00', NULL, NULL, NULL, NULL, NULL, NULL, NULL, NULL),
(298, '0000-00-00 00:00:00', NULL, NULL, NULL, NULL, NULL, NULL, NULL, NULL),
(299, '0000-00-00 00:00:00', NULL, NULL, NULL, NULL, NULL, NULL, NULL, NULL),
(300, '0000-00-00 00:00:00', NULL, NULL, NULL, NULL, NULL, NULL, NULL, NULL),
(301, '0000-00-00 00:00:00', NULL, NULL, NULL, NULL, NULL, NULL, NULL, NULL),
(302, '0000-00-00 00:00:00', NULL, NULL, NULL, NULL, NULL, NULL, NULL, NULL),
(303, '0000-00-00 00:00:00', NULL, NULL, NULL, NULL, NULL, NULL, NULL, NULL),
(304, '0000-00-00 00:00:00', NULL, NULL, NULL, NULL, NULL, NULL, NULL, NULL),
(305, '0000-00-00 00:00:00', NULL, NULL, NULL, NULL, NULL, NULL, NULL, NULL),
(306, '0000-00-00 00:00:00', NULL, NULL, NULL, NULL, NULL, NULL, NULL, NULL),
(307, '0000-00-00 00:00:00', NULL, NULL, NULL, NULL, NULL, NULL, NULL, NULL),
(308, '0000-00-00 00:00:00', NULL, NULL, NULL, NULL, NULL, NULL, NULL, NULL),
(309, '0000-00-00 00:00:00', NULL, NULL, NULL, NULL, NULL, NULL, NULL, NULL),
(310, '0000-00-00 00:00:00', NULL, NULL, NULL, NULL, NULL, NULL, NULL, NULL),
(311, '0000-00-00 00:00:00', NULL, NULL, NULL, NULL, NULL, NULL, NULL, NULL),
(312, '0000-00-00 00:00:00', NULL, NULL, NULL, NULL, NULL, NULL, NULL, NULL),
(313, '0000-00-00 00:00:00', NULL, NULL, NULL, NULL, NULL, NULL, NULL, NULL),
(314, '0000-00-00 00:00:00', NULL, NULL, NULL, NULL, NULL, NULL, NULL, NULL),
(315, '0000-00-00 00:00:00', NULL, NULL, NULL, NULL, NULL, NULL, NULL, NULL),
(316, '0000-00-00 00:00:00', NULL, NULL, NULL, NULL, NULL, NULL, NULL, NULL),
(317, '0000-00-00 00:00:00', NULL, NULL, NULL, NULL, NULL, NULL, NULL, NULL),
(318, '0000-00-00 00:00:00', NULL, NULL, NULL, NULL, NULL, NULL, NULL, NULL),
(319, '0000-00-00 00:00:00', NULL, NULL, NULL, NULL, NULL, NULL, NULL, NULL),
(320, '0000-00-00 00:00:00', NULL, NULL, NULL, NULL, NULL, NULL, NULL, NULL),
(321, '0000-00-00 00:00:00', NULL, NULL, NULL, NULL, NULL, NULL, NULL, NULL),
(322, '0000-00-00 00:00:00', NULL, NULL, NULL, NULL, NULL, NULL, NULL, NULL),
(323, '0000-00-00 00:00:00', NULL, NULL, NULL, NULL, NULL, NULL, NULL, NULL),
(324, '0000-00-00 00:00:00', NULL, NULL, NULL, NULL, NULL, NULL, NULL, NULL),
(325, '0000-00-00 00:00:00', NULL, NULL, NULL, NULL, NULL, NULL, NULL, NULL),
(326, '0000-00-00 00:00:00', NULL, NULL, NULL, NULL, NULL, NULL, NULL, NULL),
(327, '0000-00-00 00:00:00', NULL, NULL, NULL, NULL, NULL, NULL, NULL, NULL),
(328, '0000-00-00 00:00:00', NULL, NULL, NULL, NULL, NULL, NULL, NULL, NULL),
(329, '0000-00-00 00:00:00', NULL, NULL, NULL, NULL, NULL, NULL, NULL, NULL),
(330, '0000-00-00 00:00:00', NULL, NULL, NULL, NULL, NULL, NULL, NULL, NULL),
(331, '0000-00-00 00:00:00', NULL, NULL, NULL, NULL, NULL, NULL, NULL, NULL),
(332, '0000-00-00 00:00:00', NULL, NULL, NULL, NULL, NULL, NULL, NULL, NULL),
(333, '0000-00-00 00:00:00', NULL, NULL, NULL, NULL, NULL, NULL, NULL, NULL),
(334, '0000-00-00 00:00:00', NULL, NULL, NULL, NULL, NULL, NULL, NULL, NULL),
(335, '0000-00-00 00:00:00', NULL, NULL, NULL, NULL, NULL, NULL, NULL, NULL),
(336, '0000-00-00 00:00:00', NULL, NULL, NULL, NULL, NULL, NULL, NULL, NULL),
(337, '0000-00-00 00:00:00', NULL, NULL, NULL, NULL, NULL, NULL, NULL, NULL),
(338, '0000-00-00 00:00:00', NULL, NULL, NULL, NULL, NULL, NULL, NULL, NULL),
(339, '0000-00-00 00:00:00', NULL, NULL, NULL, NULL, NULL, NULL, NULL, NULL),
(340, '0000-00-00 00:00:00', NULL, NULL, NULL, NULL, NULL, NULL, NULL, NULL),
(341, '0000-00-00 00:00:00', NULL, NULL, NULL, NULL, NULL, NULL, NULL, NULL),
(342, '0000-00-00 00:00:00', NULL, NULL, NULL, NULL, NULL, NULL, NULL, NULL),
(343, '0000-00-00 00:00:00', NULL, NULL, NULL, NULL, NULL, NULL, NULL, NULL),
(344, '0000-00-00 00:00:00', NULL, NULL, NULL, NULL, NULL, NULL, NULL, NULL),
(345, '0000-00-00 00:00:00', NULL, NULL, NULL, NULL, NULL, NULL, NULL, NULL),
(346, '0000-00-00 00:00:00', NULL, NULL, NULL, NULL, NULL, NULL, NULL, NULL),
(347, '0000-00-00 00:00:00', NULL, NULL, NULL, NULL, NULL, NULL, NULL, NULL),
(348, '0000-00-00 00:00:00', NULL, NULL, NULL, NULL, NULL, NULL, NULL, NULL),
(349, '0000-00-00 00:00:00', NULL, NULL, NULL, NULL, NULL, NULL, NULL, NULL),
(350, '0000-00-00 00:00:00', NULL, NULL, NULL, NULL, NULL, NULL, NULL, NULL),
(351, '0000-00-00 00:00:00', NULL, NULL, NULL, NULL, NULL, NULL, NULL, NULL),
(352, '0000-00-00 00:00:00', NULL, NULL, NULL, NULL, NULL, NULL, NULL, NULL),
(353, '0000-00-00 00:00:00', NULL, NULL, NULL, NULL, NULL, NULL, NULL, NULL),
(354, '0000-00-00 00:00:00', NULL, NULL, NULL, NULL, NULL, NULL, NULL, NULL),
(355, '0000-00-00 00:00:00', NULL, NULL, NULL, NULL, NULL, NULL, NULL, NULL),
(356, '0000-00-00 00:00:00', NULL, NULL, NULL, NULL, NULL, NULL, NULL, NULL),
(357, '0000-00-00 00:00:00', NULL, NULL, NULL, NULL, NULL, NULL, NULL, NULL),
(358, '0000-00-00 00:00:00', NULL, NULL, NULL, NULL, NULL, NULL, NULL, NULL),
(359, '0000-00-00 00:00:00', NULL, NULL, NULL, NULL, NULL, NULL, NULL, NULL),
(360, '0000-00-00 00:00:00', NULL, NULL, NULL, NULL, NULL, NULL, NULL, NULL),
(361, '0000-00-00 00:00:00', NULL, NULL, NULL, NULL, NULL, NULL, NULL, NULL),
(362, '0000-00-00 00:00:00', NULL, NULL, NULL, NULL, NULL, NULL, NULL, NULL),
(363, '0000-00-00 00:00:00', NULL, NULL, NULL, NULL, NULL, NULL, NULL, NULL),
(364, '0000-00-00 00:00:00', NULL, NULL, NULL, NULL, NULL, NULL, NULL, NULL),
(365, '0000-00-00 00:00:00', NULL, NULL, NULL, NULL, NULL, NULL, NULL, NULL),
(366, '0000-00-00 00:00:00', NULL, NULL, NULL, NULL, NULL, NULL, NULL, NULL),
(367, '0000-00-00 00:00:00', NULL, NULL, NULL, NULL, NULL, NULL, NULL, NULL),
(368, '0000-00-00 00:00:00', NULL, NULL, NULL, NULL, NULL, NULL, NULL, NULL),
(369, '0000-00-00 00:00:00', NULL, NULL, NULL, NULL, NULL, NULL, NULL, NULL),
(370, '0000-00-00 00:00:00', NULL, NULL, NULL, NULL, NULL, NULL, NULL, NULL),
(371, '0000-00-00 00:00:00', NULL, NULL, NULL, NULL, NULL, NULL, NULL, NULL),
(372, '0000-00-00 00:00:00', NULL, NULL, NULL, NULL, NULL, NULL, NULL, NULL),
(373, '0000-00-00 00:00:00', NULL, NULL, NULL, NULL, NULL, NULL, NULL, NULL),
(374, '0000-00-00 00:00:00', NULL, NULL, NULL, NULL, NULL, NULL, NULL, NULL),
(375, '0000-00-00 00:00:00', NULL, NULL, NULL, NULL, NULL, NULL, NULL, NULL),
(376, '0000-00-00 00:00:00', NULL, NULL, NULL, NULL, NULL, NULL, NULL, NULL),
(377, '0000-00-00 00:00:00', NULL, NULL, NULL, NULL, NULL, NULL, NULL, NULL),
(378, '0000-00-00 00:00:00', NULL, NULL, NULL, NULL, NULL, NULL, NULL, NULL),
(379, '0000-00-00 00:00:00', NULL, NULL, NULL, NULL, NULL, NULL, NULL, NULL),
(380, '0000-00-00 00:00:00', NULL, NULL, NULL, NULL, NULL, NULL, NULL, NULL),
(381, '0000-00-00 00:00:00', NULL, NULL, NULL, NULL, NULL, NULL, NULL, NULL),
(382, '0000-00-00 00:00:00', NULL, NULL, NULL, NULL, NULL, NULL, NULL, NULL),
(383, '0000-00-00 00:00:00', NULL, NULL, NULL, NULL, NULL, NULL, NULL, NULL),
(384, '0000-00-00 00:00:00', NULL, NULL, NULL, NULL, NULL, NULL, NULL, NULL),
(385, '0000-00-00 00:00:00', NULL, NULL, NULL, NULL, NULL, NULL, NULL, NULL),
(386, '0000-00-00 00:00:00', NULL, NULL, NULL, NULL, NULL, NULL, NULL, NULL),
(387, '0000-00-00 00:00:00', NULL, NULL, NULL, NULL, NULL, NULL, NULL, NULL),
(388, '0000-00-00 00:00:00', NULL, NULL, NULL, NULL, NULL, NULL, NULL, NULL),
(389, '0000-00-00 00:00:00', NULL, NULL, NULL, NULL, NULL, NULL, NULL, NULL),
(390, '0000-00-00 00:00:00', NULL, NULL, NULL, NULL, NULL, NULL, NULL, NULL),
(391, '0000-00-00 00:00:00', NULL, NULL, NULL, NULL, NULL, NULL, NULL, NULL),
(392, '0000-00-00 00:00:00', NULL, NULL, NULL, NULL, NULL, NULL, NULL, NULL),
(393, '0000-00-00 00:00:00', NULL, NULL, NULL, NULL, NULL, NULL, NULL, NULL),
(394, '0000-00-00 00:00:00', NULL, NULL, NULL, NULL, NULL, NULL, NULL, NULL),
(395, '0000-00-00 00:00:00', NULL, NULL, NULL, NULL, NULL, NULL, NULL, NULL),
(396, '0000-00-00 00:00:00', NULL, NULL, NULL, NULL, NULL, NULL, NULL, NULL),
(397, '0000-00-00 00:00:00', NULL, NULL, NULL, NULL, NULL, NULL, NULL, NULL),
(398, '0000-00-00 00:00:00', NULL, NULL, NULL, NULL, NULL, NULL, NULL, NULL),
(399, '0000-00-00 00:00:00', NULL, NULL, NULL, NULL, NULL, NULL, NULL, NULL),
(400, '0000-00-00 00:00:00', NULL, NULL, NULL, NULL, NULL, NULL, NULL, NULL),
(401, '0000-00-00 00:00:00', NULL, NULL, NULL, NULL, NULL, NULL, NULL, NULL),
(402, '0000-00-00 00:00:00', NULL, NULL, NULL, NULL, NULL, NULL, NULL, NULL),
(403, '0000-00-00 00:00:00', NULL, NULL, NULL, NULL, NULL, NULL, NULL, NULL),
(404, '0000-00-00 00:00:00', NULL, NULL, NULL, NULL, NULL, NULL, NULL, NULL),
(405, '0000-00-00 00:00:00', NULL, NULL, NULL, NULL, NULL, NULL, NULL, NULL),
(406, '0000-00-00 00:00:00', NULL, NULL, NULL, NULL, NULL, NULL, NULL, NULL),
(407, '0000-00-00 00:00:00', NULL, NULL, NULL, NULL, NULL, NULL, NULL, NULL),
(408, '0000-00-00 00:00:00', NULL, NULL, NULL, NULL, NULL, NULL, NULL, NULL),
(409, '0000-00-00 00:00:00', NULL, NULL, NULL, NULL, NULL, NULL, NULL, NULL),
(410, '0000-00-00 00:00:00', NULL, NULL, NULL, NULL, NULL, NULL, NULL, NULL),
(411, '0000-00-00 00:00:00', NULL, NULL, NULL, NULL, NULL, NULL, NULL, NULL),
(412, '0000-00-00 00:00:00', NULL, NULL, NULL, NULL, NULL, NULL, NULL, NULL),
(413, '0000-00-00 00:00:00', NULL, NULL, NULL, NULL, NULL, NULL, NULL, NULL),
(414, '0000-00-00 00:00:00', NULL, NULL, NULL, NULL, NULL, NULL, NULL, NULL),
(415, '0000-00-00 00:00:00', NULL, NULL, NULL, NULL, NULL, NULL, NULL, NULL),
(416, '0000-00-00 00:00:00', NULL, NULL, NULL, NULL, NULL, NULL, NULL, NULL),
(417, '0000-00-00 00:00:00', NULL, NULL, NULL, NULL, NULL, NULL, NULL, NULL),
(418, '0000-00-00 00:00:00', NULL, NULL, NULL, NULL, NULL, NULL, NULL, NULL),
(419, '0000-00-00 00:00:00', NULL, NULL, NULL, NULL, NULL, NULL, NULL, NULL),
(420, '0000-00-00 00:00:00', NULL, NULL, NULL, NULL, NULL, NULL, NULL, NULL),
(421, '0000-00-00 00:00:00', NULL, NULL, NULL, NULL, NULL, NULL, NULL, NULL),
(422, '0000-00-00 00:00:00', NULL, NULL, NULL, NULL, NULL, NULL, NULL, NULL),
(423, '0000-00-00 00:00:00', NULL, NULL, NULL, NULL, NULL, NULL, NULL, NULL),
(424, '0000-00-00 00:00:00', NULL, NULL, NULL, NULL, NULL, NULL, NULL, NULL),
(425, '0000-00-00 00:00:00', NULL, NULL, NULL, NULL, NULL, NULL, NULL, NULL),
(426, '0000-00-00 00:00:00', NULL, NULL, NULL, NULL, NULL, NULL, NULL, NULL),
(427, '0000-00-00 00:00:00', NULL, NULL, NULL, NULL, NULL, NULL, NULL, NULL),
(428, '0000-00-00 00:00:00', NULL, NULL, NULL, NULL, NULL, NULL, NULL, NULL),
(429, '0000-00-00 00:00:00', NULL, NULL, NULL, NULL, NULL, NULL, NULL, NULL),
(430, '0000-00-00 00:00:00', NULL, NULL, NULL, NULL, NULL, NULL, NULL, NULL),
(431, '0000-00-00 00:00:00', NULL, NULL, NULL, NULL, NULL, NULL, NULL, NULL),
(432, '0000-00-00 00:00:00', NULL, NULL, NULL, NULL, NULL, NULL, NULL, NULL),
(433, '0000-00-00 00:00:00', NULL, NULL, NULL, NULL, NULL, NULL, NULL, NULL),
(434, '0000-00-00 00:00:00', NULL, NULL, NULL, NULL, NULL, NULL, NULL, NULL),
(435, '0000-00-00 00:00:00', NULL, NULL, NULL, NULL, NULL, NULL, NULL, NULL),
(436, '0000-00-00 00:00:00', NULL, NULL, NULL, NULL, NULL, NULL, NULL, NULL),
(437, '0000-00-00 00:00:00', NULL, NULL, NULL, NULL, NULL, NULL, NULL, NULL),
(438, '0000-00-00 00:00:00', NULL, NULL, NULL, NULL, NULL, NULL, NULL, NULL),
(439, '0000-00-00 00:00:00', NULL, NULL, NULL, NULL, NULL, NULL, NULL, NULL),
(440, '0000-00-00 00:00:00', NULL, NULL, NULL, NULL, NULL, NULL, NULL, NULL),
(441, '0000-00-00 00:00:00', NULL, NULL, NULL, NULL, NULL, NULL, NULL, NULL),
(442, '0000-00-00 00:00:00', NULL, NULL, NULL, NULL, NULL, NULL, NULL, NULL),
(443, '0000-00-00 00:00:00', NULL, NULL, NULL, NULL, NULL, NULL, NULL, NULL),
(444, '0000-00-00 00:00:00', NULL, NULL, NULL, NULL, NULL, NULL, NULL, NULL),
(445, '0000-00-00 00:00:00', NULL, NULL, NULL, NULL, NULL, NULL, NULL, NULL),
(446, '0000-00-00 00:00:00', NULL, NULL, NULL, NULL, NULL, NULL, NULL, NULL),
(447, '0000-00-00 00:00:00', NULL, NULL, NULL, NULL, NULL, NULL, NULL, NULL),
(448, '0000-00-00 00:00:00', NULL, NULL, NULL, NULL, NULL, NULL, NULL, NULL),
(449, '0000-00-00 00:00:00', NULL, NULL, NULL, NULL, NULL, NULL, NULL, NULL),
(450, '0000-00-00 00:00:00', NULL, NULL, NULL, NULL, NULL, NULL, NULL, NULL),
(451, '0000-00-00 00:00:00', NULL, NULL, NULL, NULL, NULL, NULL, NULL, NULL),
(452, '0000-00-00 00:00:00', NULL, NULL, NULL, NULL, NULL, NULL, NULL, NULL),
(453, '0000-00-00 00:00:00', NULL, NULL, NULL, NULL, NULL, NULL, NULL, NULL),
(454, '0000-00-00 00:00:00', NULL, NULL, NULL, NULL, NULL, NULL, NULL, NULL),
(455, '0000-00-00 00:00:00', NULL, NULL, NULL, NULL, NULL, NULL, NULL, NULL),
(456, '0000-00-00 00:00:00', NULL, NULL, NULL, NULL, NULL, NULL, NULL, NULL),
(457, '0000-00-00 00:00:00', NULL, NULL, NULL, NULL, NULL, NULL, NULL, NULL),
(458, '0000-00-00 00:00:00', NULL, NULL, NULL, NULL, NULL, NULL, NULL, NULL),
(459, '0000-00-00 00:00:00', NULL, NULL, NULL, NULL, NULL, NULL, NULL, NULL),
(460, '0000-00-00 00:00:00', NULL, NULL, NULL, NULL, NULL, NULL, NULL, NULL),
(461, '0000-00-00 00:00:00', NULL, NULL, NULL, NULL, NULL, NULL, NULL, NULL),
(462, '0000-00-00 00:00:00', NULL, NULL, NULL, NULL, NULL, NULL, NULL, NULL),
(463, '0000-00-00 00:00:00', NULL, NULL, NULL, NULL, NULL, NULL, NULL, NULL),
(464, '0000-00-00 00:00:00', NULL, NULL, NULL, NULL, NULL, NULL, NULL, NULL),
(465, '0000-00-00 00:00:00', NULL, NULL, NULL, NULL, NULL, NULL, NULL, NULL),
(466, '0000-00-00 00:00:00', NULL, NULL, NULL, NULL, NULL, NULL, NULL, NULL),
(467, '0000-00-00 00:00:00', NULL, NULL, NULL, NULL, NULL, NULL, NULL, NULL),
(468, '0000-00-00 00:00:00', NULL, NULL, NULL, NULL, NULL, NULL, NULL, NULL),
(469, '0000-00-00 00:00:00', NULL, NULL, NULL, NULL, NULL, NULL, NULL, NULL),
(470, '0000-00-00 00:00:00', NULL, NULL, NULL, NULL, NULL, NULL, NULL, NULL),
(471, '0000-00-00 00:00:00', NULL, NULL, NULL, NULL, NULL, NULL, NULL, NULL),
(472, '0000-00-00 00:00:00', NULL, NULL, NULL, NULL, NULL, NULL, NULL, NULL),
(473, '0000-00-00 00:00:00', NULL, NULL, NULL, NULL, NULL, NULL, NULL, NULL),
(474, '0000-00-00 00:00:00', NULL, NULL, NULL, NULL, NULL, NULL, NULL, NULL),
(475, '0000-00-00 00:00:00', NULL, NULL, NULL, NULL, NULL, NULL, NULL, NULL),
(476, '0000-00-00 00:00:00', NULL, NULL, NULL, NULL, NULL, NULL, NULL, NULL),
(477, '0000-00-00 00:00:00', NULL, NULL, NULL, NULL, NULL, NULL, NULL, NULL),
(478, '0000-00-00 00:00:00', NULL, NULL, NULL, NULL, NULL, NULL, NULL, NULL),
(479, '0000-00-00 00:00:00', NULL, NULL, NULL, NULL, NULL, NULL, NULL, NULL),
(480, '0000-00-00 00:00:00', NULL, NULL, NULL, NULL, NULL, NULL, NULL, NULL),
(481, '0000-00-00 00:00:00', NULL, NULL, NULL, NULL, NULL, NULL, NULL, NULL),
(482, '0000-00-00 00:00:00', NULL, NULL, NULL, NULL, NULL, NULL, NULL, NULL),
(483, '0000-00-00 00:00:00', NULL, NULL, NULL, NULL, NULL, NULL, NULL, NULL),
(484, '0000-00-00 00:00:00', NULL, NULL, NULL, NULL, NULL, NULL, NULL, NULL),
(485, '0000-00-00 00:00:00', NULL, NULL, NULL, NULL, NULL, NULL, NULL, NULL),
(486, '0000-00-00 00:00:00', NULL, NULL, NULL, NULL, NULL, NULL, NULL, NULL),
(487, '0000-00-00 00:00:00', NULL, NULL, NULL, NULL, NULL, NULL, NULL, NULL),
(488, '0000-00-00 00:00:00', NULL, NULL, NULL, NULL, NULL, NULL, NULL, NULL),
(489, '0000-00-00 00:00:00', NULL, NULL, NULL, NULL, NULL, NULL, NULL, NULL),
(490, '0000-00-00 00:00:00', NULL, NULL, NULL, NULL, NULL, NULL, NULL, NULL),
(491, '0000-00-00 00:00:00', NULL, NULL, NULL, NULL, NULL, NULL, NULL, NULL),
(492, '0000-00-00 00:00:00', NULL, NULL, NULL, NULL, NULL, NULL, NULL, NULL),
(493, '0000-00-00 00:00:00', NULL, NULL, NULL, NULL, NULL, NULL, NULL, NULL),
(494, '0000-00-00 00:00:00', NULL, NULL, NULL, NULL, NULL, NULL, NULL, NULL),
(495, '0000-00-00 00:00:00', NULL, NULL, NULL, NULL, NULL, NULL, NULL, NULL),
(496, '0000-00-00 00:00:00', NULL, NULL, NULL, NULL, NULL, NULL, NULL, NULL),
(497, '0000-00-00 00:00:00', NULL, NULL, NULL, NULL, NULL, NULL, NULL, NULL),
(498, '0000-00-00 00:00:00', NULL, NULL, NULL, NULL, NULL, NULL, NULL, NULL),
(499, '0000-00-00 00:00:00', NULL, NULL, NULL, NULL, NULL, NULL, NULL, NULL),
(500, '0000-00-00 00:00:00', NULL, NULL, NULL, NULL, NULL, NULL, NULL, NULL),
(501, '0000-00-00 00:00:00', NULL, NULL, NULL, NULL, NULL, NULL, NULL, NULL),
(502, '0000-00-00 00:00:00', NULL, NULL, NULL, NULL, NULL, NULL, NULL, NULL),
(503, '0000-00-00 00:00:00', NULL, NULL, NULL, NULL, NULL, NULL, NULL, NULL),
(504, '0000-00-00 00:00:00', NULL, NULL, NULL, NULL, NULL, NULL, NULL, NULL),
(505, '0000-00-00 00:00:00', NULL, NULL, NULL, NULL, NULL, NULL, NULL, NULL),
(506, '0000-00-00 00:00:00', NULL, NULL, NULL, NULL, NULL, NULL, NULL, NULL),
(507, '0000-00-00 00:00:00', NULL, NULL, NULL, NULL, NULL, NULL, NULL, NULL),
(508, '0000-00-00 00:00:00', NULL, NULL, NULL, NULL, NULL, NULL, NULL, NULL),
(509, '0000-00-00 00:00:00', NULL, NULL, NULL, NULL, NULL, NULL, NULL, NULL),
(510, '0000-00-00 00:00:00', NULL, NULL, NULL, NULL, NULL, NULL, NULL, NULL),
(511, '0000-00-00 00:00:00', NULL, NULL, NULL, NULL, NULL, NULL, NULL, NULL),
(512, '0000-00-00 00:00:00', NULL, NULL, NULL, NULL, NULL, NULL, NULL, NULL),
(513, '0000-00-00 00:00:00', NULL, NULL, NULL, NULL, NULL, NULL, NULL, NULL),
(514, '0000-00-00 00:00:00', NULL, NULL, NULL, NULL, NULL, NULL, NULL, NULL),
(515, '0000-00-00 00:00:00', NULL, NULL, NULL, NULL, NULL, NULL, NULL, NULL),
(516, '0000-00-00 00:00:00', NULL, NULL, NULL, NULL, NULL, NULL, NULL, NULL),
(517, '0000-00-00 00:00:00', NULL, NULL, NULL, NULL, NULL, NULL, NULL, NULL),
(518, '0000-00-00 00:00:00', NULL, NULL, NULL, NULL, NULL, NULL, NULL, NULL),
(519, '0000-00-00 00:00:00', NULL, NULL, NULL, NULL, NULL, NULL, NULL, NULL),
(520, '0000-00-00 00:00:00', NULL, NULL, NULL, NULL, NULL, NULL, NULL, NULL),
(521, '0000-00-00 00:00:00', NULL, NULL, NULL, NULL, NULL, NULL, NULL, NULL),
(522, '0000-00-00 00:00:00', NULL, NULL, NULL, NULL, NULL, NULL, NULL, NULL),
(523, '0000-00-00 00:00:00', NULL, NULL, NULL, NULL, NULL, NULL, NULL, NULL),
(524, '0000-00-00 00:00:00', NULL, NULL, NULL, NULL, NULL, NULL, NULL, NULL),
(525, '0000-00-00 00:00:00', NULL, NULL, NULL, NULL, NULL, NULL, NULL, NULL),
(526, '0000-00-00 00:00:00', NULL, NULL, NULL, NULL, NULL, NULL, NULL, NULL),
(527, '0000-00-00 00:00:00', NULL, NULL, NULL, NULL, NULL, NULL, NULL, NULL),
(528, '0000-00-00 00:00:00', NULL, NULL, NULL, NULL, NULL, NULL, NULL, NULL),
(529, '0000-00-00 00:00:00', NULL, NULL, NULL, NULL, NULL, NULL, NULL, NULL),
(530, '0000-00-00 00:00:00', NULL, NULL, NULL, NULL, NULL, NULL, NULL, NULL),
(531, '0000-00-00 00:00:00', NULL, NULL, NULL, NULL, NULL, NULL, NULL, NULL),
(532, '0000-00-00 00:00:00', NULL, NULL, NULL, NULL, NULL, NULL, NULL, NULL),
(533, '0000-00-00 00:00:00', NULL, NULL, NULL, NULL, NULL, NULL, NULL, NULL),
(534, '0000-00-00 00:00:00', NULL, NULL, NULL, NULL, NULL, NULL, NULL, NULL),
(535, '0000-00-00 00:00:00', NULL, NULL, NULL, NULL, NULL, NULL, NULL, NULL),
(536, '0000-00-00 00:00:00', NULL, NULL, NULL, NULL, NULL, NULL, NULL, NULL),
(537, '0000-00-00 00:00:00', NULL, NULL, NULL, NULL, NULL, NULL, NULL, NULL),
(538, '0000-00-00 00:00:00', NULL, NULL, NULL, NULL, NULL, NULL, NULL, NULL),
(539, '0000-00-00 00:00:00', NULL, NULL, NULL, NULL, NULL, NULL, NULL, NULL),
(540, '0000-00-00 00:00:00', NULL, NULL, NULL, NULL, NULL, NULL, NULL, NULL),
(541, '0000-00-00 00:00:00', NULL, NULL, NULL, NULL, NULL, NULL, NULL, NULL),
(542, '0000-00-00 00:00:00', NULL, NULL, NULL, NULL, NULL, NULL, NULL, NULL),
(543, '0000-00-00 00:00:00', NULL, NULL, NULL, NULL, NULL, NULL, NULL, NULL),
(544, '0000-00-00 00:00:00', NULL, NULL, NULL, NULL, NULL, NULL, NULL, NULL),
(545, '0000-00-00 00:00:00', NULL, NULL, NULL, NULL, NULL, NULL, NULL, NULL),
(546, '0000-00-00 00:00:00', NULL, NULL, NULL, NULL, NULL, NULL, NULL, NULL),
(547, '0000-00-00 00:00:00', NULL, NULL, NULL, NULL, NULL, NULL, NULL, NULL),
(548, '0000-00-00 00:00:00', NULL, NULL, NULL, NULL, NULL, NULL, NULL, NULL),
(549, '0000-00-00 00:00:00', NULL, NULL, NULL, NULL, NULL, NULL, NULL, NULL),
(550, '0000-00-00 00:00:00', NULL, NULL, NULL, NULL, NULL, NULL, NULL, NULL),
(551, '0000-00-00 00:00:00', NULL, NULL, NULL, NULL, NULL, NULL, NULL, NULL),
(552, '0000-00-00 00:00:00', NULL, NULL, NULL, NULL, NULL, NULL, NULL, NULL),
(553, '0000-00-00 00:00:00', NULL, NULL, NULL, NULL, NULL, NULL, NULL, NULL),
(554, '0000-00-00 00:00:00', NULL, NULL, NULL, NULL, NULL, NULL, NULL, NULL),
(555, '0000-00-00 00:00:00', NULL, NULL, NULL, NULL, NULL, NULL, NULL, NULL),
(556, '0000-00-00 00:00:00', NULL, NULL, NULL, NULL, NULL, NULL, NULL, NULL),
(557, '0000-00-00 00:00:00', NULL, NULL, NULL, NULL, NULL, NULL, NULL, NULL),
(558, '0000-00-00 00:00:00', NULL, NULL, NULL, NULL, NULL, NULL, NULL, NULL),
(559, '0000-00-00 00:00:00', NULL, NULL, NULL, NULL, NULL, NULL, NULL, NULL),
(560, '0000-00-00 00:00:00', NULL, NULL, NULL, NULL, NULL, NULL, NULL, NULL),
(561, '0000-00-00 00:00:00', NULL, NULL, NULL, NULL, NULL, NULL, NULL, NULL),
(562, '0000-00-00 00:00:00', NULL, NULL, NULL, NULL, NULL, NULL, NULL, NULL),
(563, '0000-00-00 00:00:00', NULL, NULL, NULL, NULL, NULL, NULL, NULL, NULL),
(564, '0000-00-00 00:00:00', NULL, NULL, NULL, NULL, NULL, NULL, NULL, NULL),
(565, '0000-00-00 00:00:00', NULL, NULL, NULL, NULL, NULL, NULL, NULL, NULL),
(566, '0000-00-00 00:00:00', NULL, NULL, NULL, NULL, NULL, NULL, NULL, NULL),
(567, '0000-00-00 00:00:00', NULL, NULL, NULL, NULL, NULL, NULL, NULL, NULL),
(568, '0000-00-00 00:00:00', NULL, NULL, NULL, NULL, NULL, NULL, NULL, NULL),
(569, '0000-00-00 00:00:00', NULL, NULL, NULL, NULL, NULL, NULL, NULL, NULL),
(570, '0000-00-00 00:00:00', NULL, NULL, NULL, NULL, NULL, NULL, NULL, NULL),
(571, '0000-00-00 00:00:00', NULL, NULL, NULL, NULL, NULL, NULL, NULL, NULL),
(572, '0000-00-00 00:00:00', NULL, NULL, NULL, NULL, NULL, NULL, NULL, NULL),
(573, '0000-00-00 00:00:00', NULL, NULL, NULL, NULL, NULL, NULL, NULL, NULL),
(574, '0000-00-00 00:00:00', NULL, NULL, NULL, NULL, NULL, NULL, NULL, NULL),
(575, '0000-00-00 00:00:00', NULL, NULL, NULL, NULL, NULL, NULL, NULL, NULL),
(576, '0000-00-00 00:00:00', NULL, NULL, NULL, NULL, NULL, NULL, NULL, NULL),
(577, '0000-00-00 00:00:00', NULL, NULL, NULL, NULL, NULL, NULL, NULL, NULL),
(578, '0000-00-00 00:00:00', NULL, NULL, NULL, NULL, NULL, NULL, NULL, NULL),
(579, '0000-00-00 00:00:00', NULL, NULL, NULL, NULL, NULL, NULL, NULL, NULL),
(580, '0000-00-00 00:00:00', NULL, NULL, NULL, NULL, NULL, NULL, NULL, NULL),
(581, '0000-00-00 00:00:00', NULL, NULL, NULL, NULL, NULL, NULL, NULL, NULL),
(582, '0000-00-00 00:00:00', NULL, NULL, NULL, NULL, NULL, NULL, NULL, NULL),
(583, '0000-00-00 00:00:00', NULL, NULL, NULL, NULL, NULL, NULL, NULL, NULL),
(584, '0000-00-00 00:00:00', NULL, NULL, NULL, NULL, NULL, NULL, NULL, NULL),
(585, '0000-00-00 00:00:00', NULL, NULL, NULL, NULL, NULL, NULL, NULL, NULL),
(586, '0000-00-00 00:00:00', NULL, NULL, NULL, NULL, NULL, NULL, NULL, NULL),
(587, '0000-00-00 00:00:00', NULL, NULL, NULL, NULL, NULL, NULL, NULL, NULL),
(588, '0000-00-00 00:00:00', NULL, NULL, NULL, NULL, NULL, NULL, NULL, NULL),
(589, '0000-00-00 00:00:00', NULL, NULL, NULL, NULL, NULL, NULL, NULL, NULL),
(590, '0000-00-00 00:00:00', NULL, NULL, NULL, NULL, NULL, NULL, NULL, NULL),
(591, '0000-00-00 00:00:00', NULL, NULL, NULL, NULL, NULL, NULL, NULL, NULL),
(592, '0000-00-00 00:00:00', NULL, NULL, NULL, NULL, NULL, NULL, NULL, NULL),
(593, '0000-00-00 00:00:00', NULL, NULL, NULL, NULL, NULL, NULL, NULL, NULL),
(594, '0000-00-00 00:00:00', NULL, NULL, NULL, NULL, NULL, NULL, NULL, NULL),
(595, '0000-00-00 00:00:00', NULL, NULL, NULL, NULL, NULL, NULL, NULL, NULL),
(596, '0000-00-00 00:00:00', NULL, NULL, NULL, NULL, NULL, NULL, NULL, NULL),
(597, '0000-00-00 00:00:00', NULL, NULL, NULL, NULL, NULL, NULL, NULL, NULL),
(598, '0000-00-00 00:00:00', NULL, NULL, NULL, NULL, NULL, NULL, NULL, NULL),
(599, '0000-00-00 00:00:00', NULL, NULL, NULL, NULL, NULL, NULL, NULL, NULL),
(600, '0000-00-00 00:00:00', NULL, NULL, NULL, NULL, NULL, NULL, NULL, NULL),
(601, '0000-00-00 00:00:00', NULL, NULL, NULL, NULL, NULL, NULL, NULL, NULL),
(602, '0000-00-00 00:00:00', NULL, NULL, NULL, NULL, NULL, NULL, NULL, NULL),
(603, '0000-00-00 00:00:00', NULL, NULL, NULL, NULL, NULL, NULL, NULL, NULL),
(604, '0000-00-00 00:00:00', NULL, NULL, NULL, NULL, NULL, NULL, NULL, NULL),
(605, '0000-00-00 00:00:00', NULL, NULL, NULL, NULL, NULL, NULL, NULL, NULL),
(606, '0000-00-00 00:00:00', NULL, NULL, NULL, NULL, NULL, NULL, NULL, NULL),
(607, '0000-00-00 00:00:00', NULL, NULL, NULL, NULL, NULL, NULL, NULL, NULL),
(608, '0000-00-00 00:00:00', NULL, NULL, NULL, NULL, NULL, NULL, NULL, NULL),
(609, '0000-00-00 00:00:00', NULL, NULL, NULL, NULL, NULL, NULL, NULL, NULL),
(610, '0000-00-00 00:00:00', NULL, NULL, NULL, NULL, NULL, NULL, NULL, NULL),
(611, '0000-00-00 00:00:00', NULL, NULL, NULL, NULL, NULL, NULL, NULL, NULL),
(612, '0000-00-00 00:00:00', NULL, NULL, NULL, NULL, NULL, NULL, NULL, NULL),
(613, '0000-00-00 00:00:00', NULL, NULL, NULL, NULL, NULL, NULL, NULL, NULL),
(614, '0000-00-00 00:00:00', NULL, NULL, NULL, NULL, NULL, NULL, NULL, NULL),
(615, '0000-00-00 00:00:00', NULL, NULL, NULL, NULL, NULL, NULL, NULL, NULL),
(616, '0000-00-00 00:00:00', NULL, NULL, NULL, NULL, NULL, NULL, NULL, NULL),
(617, '0000-00-00 00:00:00', NULL, NULL, NULL, NULL, NULL, NULL, NULL, NULL),
(618, '0000-00-00 00:00:00', NULL, NULL, NULL, NULL, NULL, NULL, NULL, NULL),
(619, '0000-00-00 00:00:00', NULL, NULL, NULL, NULL, NULL, NULL, NULL, NULL),
(620, '0000-00-00 00:00:00', NULL, NULL, NULL, NULL, NULL, NULL, NULL, NULL),
(621, '0000-00-00 00:00:00', NULL, NULL, NULL, NULL, NULL, NULL, NULL, NULL),
(622, '0000-00-00 00:00:00', NULL, NULL, NULL, NULL, NULL, NULL, NULL, NULL),
(623, '0000-00-00 00:00:00', NULL, NULL, NULL, NULL, NULL, NULL, NULL, NULL),
(624, '0000-00-00 00:00:00', NULL, NULL, NULL, NULL, NULL, NULL, NULL, NULL),
(625, '0000-00-00 00:00:00', NULL, NULL, NULL, NULL, NULL, NULL, NULL, NULL),
(626, '0000-00-00 00:00:00', NULL, NULL, NULL, NULL, NULL, NULL, NULL, NULL),
(627, '0000-00-00 00:00:00', NULL, NULL, NULL, NULL, NULL, NULL, NULL, NULL),
(628, '0000-00-00 00:00:00', NULL, NULL, NULL, NULL, NULL, NULL, NULL, NULL),
(629, '0000-00-00 00:00:00', NULL, NULL, NULL, NULL, NULL, NULL, NULL, NULL),
(630, '0000-00-00 00:00:00', NULL, NULL, NULL, NULL, NULL, NULL, NULL, NULL),
(631, '0000-00-00 00:00:00', NULL, NULL, NULL, NULL, NULL, NULL, NULL, NULL),
(632, '0000-00-00 00:00:00', NULL, NULL, NULL, NULL, NULL, NULL, NULL, NULL),
(633, '0000-00-00 00:00:00', NULL, NULL, NULL, NULL, NULL, NULL, NULL, NULL),
(634, '0000-00-00 00:00:00', NULL, NULL, NULL, NULL, NULL, NULL, NULL, NULL),
(635, '0000-00-00 00:00:00', NULL, NULL, NULL, NULL, NULL, NULL, NULL, NULL),
(636, '0000-00-00 00:00:00', NULL, NULL, NULL, NULL, NULL, NULL, NULL, NULL),
(637, '0000-00-00 00:00:00', NULL, NULL, NULL, NULL, NULL, NULL, NULL, NULL),
(638, '0000-00-00 00:00:00', NULL, NULL, NULL, NULL, NULL, NULL, NULL, NULL),
(639, '0000-00-00 00:00:00', NULL, NULL, NULL, NULL, NULL, NULL, NULL, NULL),
(640, '0000-00-00 00:00:00', NULL, NULL, NULL, NULL, NULL, NULL, NULL, NULL),
(641, '0000-00-00 00:00:00', NULL, NULL, NULL, NULL, NULL, NULL, NULL, NULL),
(642, '0000-00-00 00:00:00', NULL, NULL, NULL, NULL, NULL, NULL, NULL, NULL),
(643, '0000-00-00 00:00:00', NULL, NULL, NULL, NULL, NULL, NULL, NULL, NULL);
INSERT INTO `t_00audit_trail` (`id`, `datetime`, `script`, `user`, `action`, `table`, `field`, `keyvalue`, `oldvalue`, `newvalue`) VALUES
(644, '0000-00-00 00:00:00', NULL, NULL, NULL, NULL, NULL, NULL, NULL, NULL),
(645, '0000-00-00 00:00:00', NULL, NULL, NULL, NULL, NULL, NULL, NULL, NULL),
(646, '0000-00-00 00:00:00', NULL, NULL, NULL, NULL, NULL, NULL, NULL, NULL),
(647, '0000-00-00 00:00:00', NULL, NULL, NULL, NULL, NULL, NULL, NULL, NULL),
(648, '0000-00-00 00:00:00', NULL, NULL, NULL, NULL, NULL, NULL, NULL, NULL),
(649, '0000-00-00 00:00:00', NULL, NULL, NULL, NULL, NULL, NULL, NULL, NULL),
(650, '0000-00-00 00:00:00', NULL, NULL, NULL, NULL, NULL, NULL, NULL, NULL),
(651, '0000-00-00 00:00:00', NULL, NULL, NULL, NULL, NULL, NULL, NULL, NULL),
(652, '0000-00-00 00:00:00', NULL, NULL, NULL, NULL, NULL, NULL, NULL, NULL),
(653, '0000-00-00 00:00:00', NULL, NULL, NULL, NULL, NULL, NULL, NULL, NULL),
(654, '0000-00-00 00:00:00', NULL, NULL, NULL, NULL, NULL, NULL, NULL, NULL),
(655, '0000-00-00 00:00:00', NULL, NULL, NULL, NULL, NULL, NULL, NULL, NULL),
(656, '0000-00-00 00:00:00', NULL, NULL, NULL, NULL, NULL, NULL, NULL, NULL),
(657, '0000-00-00 00:00:00', NULL, NULL, NULL, NULL, NULL, NULL, NULL, NULL),
(658, '0000-00-00 00:00:00', NULL, NULL, NULL, NULL, NULL, NULL, NULL, NULL),
(659, '0000-00-00 00:00:00', NULL, NULL, NULL, NULL, NULL, NULL, NULL, NULL),
(660, '0000-00-00 00:00:00', NULL, NULL, NULL, NULL, NULL, NULL, NULL, NULL),
(661, '0000-00-00 00:00:00', NULL, NULL, NULL, NULL, NULL, NULL, NULL, NULL),
(662, '0000-00-00 00:00:00', NULL, NULL, NULL, NULL, NULL, NULL, NULL, NULL),
(663, '0000-00-00 00:00:00', NULL, NULL, NULL, NULL, NULL, NULL, NULL, NULL),
(664, '0000-00-00 00:00:00', NULL, NULL, NULL, NULL, NULL, NULL, NULL, NULL),
(665, '0000-00-00 00:00:00', NULL, NULL, NULL, NULL, NULL, NULL, NULL, NULL),
(666, '0000-00-00 00:00:00', NULL, NULL, NULL, NULL, NULL, NULL, NULL, NULL),
(667, '0000-00-00 00:00:00', NULL, NULL, NULL, NULL, NULL, NULL, NULL, NULL),
(668, '0000-00-00 00:00:00', NULL, NULL, NULL, NULL, NULL, NULL, NULL, NULL),
(669, '0000-00-00 00:00:00', NULL, NULL, NULL, NULL, NULL, NULL, NULL, NULL),
(670, '0000-00-00 00:00:00', NULL, NULL, NULL, NULL, NULL, NULL, NULL, NULL),
(671, '0000-00-00 00:00:00', NULL, NULL, NULL, NULL, NULL, NULL, NULL, NULL),
(672, '0000-00-00 00:00:00', NULL, NULL, NULL, NULL, NULL, NULL, NULL, NULL),
(673, '0000-00-00 00:00:00', NULL, NULL, NULL, NULL, NULL, NULL, NULL, NULL),
(674, '0000-00-00 00:00:00', NULL, NULL, NULL, NULL, NULL, NULL, NULL, NULL),
(675, '0000-00-00 00:00:00', NULL, NULL, NULL, NULL, NULL, NULL, NULL, NULL),
(676, '0000-00-00 00:00:00', NULL, NULL, NULL, NULL, NULL, NULL, NULL, NULL),
(677, '0000-00-00 00:00:00', NULL, NULL, NULL, NULL, NULL, NULL, NULL, NULL),
(678, '0000-00-00 00:00:00', NULL, NULL, NULL, NULL, NULL, NULL, NULL, NULL),
(679, '0000-00-00 00:00:00', NULL, NULL, NULL, NULL, NULL, NULL, NULL, NULL),
(680, '0000-00-00 00:00:00', NULL, NULL, NULL, NULL, NULL, NULL, NULL, NULL),
(681, '0000-00-00 00:00:00', NULL, NULL, NULL, NULL, NULL, NULL, NULL, NULL),
(682, '0000-00-00 00:00:00', NULL, NULL, NULL, NULL, NULL, NULL, NULL, NULL),
(683, '0000-00-00 00:00:00', NULL, NULL, NULL, NULL, NULL, NULL, NULL, NULL),
(684, '0000-00-00 00:00:00', NULL, NULL, NULL, NULL, NULL, NULL, NULL, NULL),
(685, '0000-00-00 00:00:00', NULL, NULL, NULL, NULL, NULL, NULL, NULL, NULL),
(686, '0000-00-00 00:00:00', NULL, NULL, NULL, NULL, NULL, NULL, NULL, NULL),
(687, '0000-00-00 00:00:00', NULL, NULL, NULL, NULL, NULL, NULL, NULL, NULL),
(688, '0000-00-00 00:00:00', NULL, NULL, NULL, NULL, NULL, NULL, NULL, NULL),
(689, '0000-00-00 00:00:00', NULL, NULL, NULL, NULL, NULL, NULL, NULL, NULL),
(690, '0000-00-00 00:00:00', NULL, NULL, NULL, NULL, NULL, NULL, NULL, NULL),
(691, '0000-00-00 00:00:00', NULL, NULL, NULL, NULL, NULL, NULL, NULL, NULL),
(692, '0000-00-00 00:00:00', NULL, NULL, NULL, NULL, NULL, NULL, NULL, NULL),
(693, '0000-00-00 00:00:00', NULL, NULL, NULL, NULL, NULL, NULL, NULL, NULL),
(708, '0000-00-00 00:00:00', NULL, NULL, NULL, NULL, NULL, NULL, NULL, NULL),
(709, '0000-00-00 00:00:00', NULL, NULL, NULL, NULL, NULL, NULL, NULL, NULL),
(710, '0000-00-00 00:00:00', NULL, NULL, NULL, NULL, NULL, NULL, NULL, NULL),
(711, '0000-00-00 00:00:00', NULL, NULL, NULL, NULL, NULL, NULL, NULL, NULL),
(712, '0000-00-00 00:00:00', NULL, NULL, NULL, NULL, NULL, NULL, NULL, NULL),
(713, '0000-00-00 00:00:00', NULL, NULL, NULL, NULL, NULL, NULL, NULL, NULL),
(714, '0000-00-00 00:00:00', NULL, NULL, NULL, NULL, NULL, NULL, NULL, NULL),
(715, '0000-00-00 00:00:00', NULL, NULL, NULL, NULL, NULL, NULL, NULL, NULL),
(716, '0000-00-00 00:00:00', NULL, NULL, NULL, NULL, NULL, NULL, NULL, NULL),
(717, '0000-00-00 00:00:00', NULL, NULL, NULL, NULL, NULL, NULL, NULL, NULL),
(718, '0000-00-00 00:00:00', NULL, NULL, NULL, NULL, NULL, NULL, NULL, NULL),
(719, '0000-00-00 00:00:00', NULL, NULL, NULL, NULL, NULL, NULL, NULL, NULL),
(720, '0000-00-00 00:00:00', NULL, NULL, NULL, NULL, NULL, NULL, NULL, NULL),
(721, '0000-00-00 00:00:00', NULL, NULL, NULL, NULL, NULL, NULL, NULL, NULL),
(722, '0000-00-00 00:00:00', NULL, NULL, NULL, NULL, NULL, NULL, NULL, NULL),
(723, '0000-00-00 00:00:00', NULL, NULL, NULL, NULL, NULL, NULL, NULL, NULL),
(724, '0000-00-00 00:00:00', NULL, NULL, NULL, NULL, NULL, NULL, NULL, NULL),
(725, '0000-00-00 00:00:00', NULL, NULL, NULL, NULL, NULL, NULL, NULL, NULL),
(726, '0000-00-00 00:00:00', NULL, NULL, NULL, NULL, NULL, NULL, NULL, NULL),
(727, '0000-00-00 00:00:00', NULL, NULL, NULL, NULL, NULL, NULL, NULL, NULL),
(728, '0000-00-00 00:00:00', NULL, NULL, NULL, NULL, NULL, NULL, NULL, NULL),
(729, '0000-00-00 00:00:00', NULL, NULL, NULL, NULL, NULL, NULL, NULL, NULL),
(730, '0000-00-00 00:00:00', NULL, NULL, NULL, NULL, NULL, NULL, NULL, NULL),
(731, '0000-00-00 00:00:00', NULL, NULL, NULL, NULL, NULL, NULL, NULL, NULL),
(732, '0000-00-00 00:00:00', NULL, NULL, NULL, NULL, NULL, NULL, NULL, NULL),
(733, '0000-00-00 00:00:00', NULL, NULL, NULL, NULL, NULL, NULL, NULL, NULL),
(734, '0000-00-00 00:00:00', NULL, NULL, NULL, NULL, NULL, NULL, NULL, NULL),
(735, '0000-00-00 00:00:00', NULL, NULL, NULL, NULL, NULL, NULL, NULL, NULL),
(736, '0000-00-00 00:00:00', NULL, NULL, NULL, NULL, NULL, NULL, NULL, NULL),
(737, '0000-00-00 00:00:00', NULL, NULL, NULL, NULL, NULL, NULL, NULL, NULL),
(738, '0000-00-00 00:00:00', NULL, NULL, NULL, NULL, NULL, NULL, NULL, NULL),
(739, '0000-00-00 00:00:00', NULL, NULL, NULL, NULL, NULL, NULL, NULL, NULL),
(740, '0000-00-00 00:00:00', NULL, NULL, NULL, NULL, NULL, NULL, NULL, NULL),
(741, '0000-00-00 00:00:00', NULL, NULL, NULL, NULL, NULL, NULL, NULL, NULL),
(742, '0000-00-00 00:00:00', NULL, NULL, NULL, NULL, NULL, NULL, NULL, NULL),
(743, '0000-00-00 00:00:00', NULL, NULL, NULL, NULL, NULL, NULL, NULL, NULL),
(744, '0000-00-00 00:00:00', NULL, NULL, NULL, NULL, NULL, NULL, NULL, NULL),
(745, '0000-00-00 00:00:00', NULL, NULL, NULL, NULL, NULL, NULL, NULL, NULL),
(746, '0000-00-00 00:00:00', NULL, NULL, NULL, NULL, NULL, NULL, NULL, NULL),
(747, '0000-00-00 00:00:00', NULL, NULL, NULL, NULL, NULL, NULL, NULL, NULL),
(748, '0000-00-00 00:00:00', NULL, NULL, NULL, NULL, NULL, NULL, NULL, NULL),
(749, '0000-00-00 00:00:00', NULL, NULL, NULL, NULL, NULL, NULL, NULL, NULL),
(750, '0000-00-00 00:00:00', NULL, NULL, NULL, NULL, NULL, NULL, NULL, NULL),
(751, '0000-00-00 00:00:00', NULL, NULL, NULL, NULL, NULL, NULL, NULL, NULL),
(752, '0000-00-00 00:00:00', NULL, NULL, NULL, NULL, NULL, NULL, NULL, NULL),
(753, '0000-00-00 00:00:00', NULL, NULL, NULL, NULL, NULL, NULL, NULL, NULL),
(754, '0000-00-00 00:00:00', NULL, NULL, NULL, NULL, NULL, NULL, NULL, NULL),
(755, '0000-00-00 00:00:00', NULL, NULL, NULL, NULL, NULL, NULL, NULL, NULL),
(756, '0000-00-00 00:00:00', NULL, NULL, NULL, NULL, NULL, NULL, NULL, NULL),
(757, '0000-00-00 00:00:00', NULL, NULL, NULL, NULL, NULL, NULL, NULL, NULL),
(758, '0000-00-00 00:00:00', NULL, NULL, NULL, NULL, NULL, NULL, NULL, NULL),
(759, '0000-00-00 00:00:00', NULL, NULL, NULL, NULL, NULL, NULL, NULL, NULL),
(760, '0000-00-00 00:00:00', NULL, NULL, NULL, NULL, NULL, NULL, NULL, NULL),
(761, '0000-00-00 00:00:00', NULL, NULL, NULL, NULL, NULL, NULL, NULL, NULL),
(762, '0000-00-00 00:00:00', NULL, NULL, NULL, NULL, NULL, NULL, NULL, NULL),
(763, '0000-00-00 00:00:00', NULL, NULL, NULL, NULL, NULL, NULL, NULL, NULL),
(764, '0000-00-00 00:00:00', NULL, NULL, NULL, NULL, NULL, NULL, NULL, NULL),
(765, '0000-00-00 00:00:00', NULL, NULL, NULL, NULL, NULL, NULL, NULL, NULL),
(766, '0000-00-00 00:00:00', NULL, NULL, NULL, NULL, NULL, NULL, NULL, NULL),
(767, '0000-00-00 00:00:00', NULL, NULL, NULL, NULL, NULL, NULL, NULL, NULL),
(768, '0000-00-00 00:00:00', NULL, NULL, NULL, NULL, NULL, NULL, NULL, NULL),
(769, '0000-00-00 00:00:00', NULL, NULL, NULL, NULL, NULL, NULL, NULL, NULL),
(770, '0000-00-00 00:00:00', NULL, NULL, NULL, NULL, NULL, NULL, NULL, NULL),
(771, '0000-00-00 00:00:00', NULL, NULL, NULL, NULL, NULL, NULL, NULL, NULL),
(772, '0000-00-00 00:00:00', NULL, NULL, NULL, NULL, NULL, NULL, NULL, NULL),
(773, '0000-00-00 00:00:00', NULL, NULL, NULL, NULL, NULL, NULL, NULL, NULL),
(774, '0000-00-00 00:00:00', NULL, NULL, NULL, NULL, NULL, NULL, NULL, NULL),
(775, '0000-00-00 00:00:00', NULL, NULL, NULL, NULL, NULL, NULL, NULL, NULL),
(776, '0000-00-00 00:00:00', NULL, NULL, NULL, NULL, NULL, NULL, NULL, NULL),
(777, '0000-00-00 00:00:00', NULL, NULL, NULL, NULL, NULL, NULL, NULL, NULL),
(778, '0000-00-00 00:00:00', NULL, NULL, NULL, NULL, NULL, NULL, NULL, NULL),
(779, '0000-00-00 00:00:00', NULL, NULL, NULL, NULL, NULL, NULL, NULL, NULL),
(780, '0000-00-00 00:00:00', NULL, NULL, NULL, NULL, NULL, NULL, NULL, NULL),
(781, '0000-00-00 00:00:00', NULL, NULL, NULL, NULL, NULL, NULL, NULL, NULL),
(782, '0000-00-00 00:00:00', NULL, NULL, NULL, NULL, NULL, NULL, NULL, NULL),
(783, '0000-00-00 00:00:00', NULL, NULL, NULL, NULL, NULL, NULL, NULL, NULL),
(784, '0000-00-00 00:00:00', NULL, NULL, NULL, NULL, NULL, NULL, NULL, NULL),
(785, '0000-00-00 00:00:00', NULL, NULL, NULL, NULL, NULL, NULL, NULL, NULL),
(786, '0000-00-00 00:00:00', NULL, NULL, NULL, NULL, NULL, NULL, NULL, NULL),
(787, '0000-00-00 00:00:00', NULL, NULL, NULL, NULL, NULL, NULL, NULL, NULL),
(788, '0000-00-00 00:00:00', NULL, NULL, NULL, NULL, NULL, NULL, NULL, NULL),
(789, '0000-00-00 00:00:00', NULL, NULL, NULL, NULL, NULL, NULL, NULL, NULL),
(790, '0000-00-00 00:00:00', NULL, NULL, NULL, NULL, NULL, NULL, NULL, NULL),
(791, '0000-00-00 00:00:00', NULL, NULL, NULL, NULL, NULL, NULL, NULL, NULL),
(792, '0000-00-00 00:00:00', NULL, NULL, NULL, NULL, NULL, NULL, NULL, NULL),
(793, '0000-00-00 00:00:00', NULL, NULL, NULL, NULL, NULL, NULL, NULL, NULL),
(794, '0000-00-00 00:00:00', NULL, NULL, NULL, NULL, NULL, NULL, NULL, NULL),
(795, '0000-00-00 00:00:00', NULL, NULL, NULL, NULL, NULL, NULL, NULL, NULL),
(796, '0000-00-00 00:00:00', NULL, NULL, NULL, NULL, NULL, NULL, NULL, NULL),
(797, '0000-00-00 00:00:00', NULL, NULL, NULL, NULL, NULL, NULL, NULL, NULL),
(798, '0000-00-00 00:00:00', NULL, NULL, NULL, NULL, NULL, NULL, NULL, NULL),
(799, '0000-00-00 00:00:00', NULL, NULL, NULL, NULL, NULL, NULL, NULL, NULL),
(800, '0000-00-00 00:00:00', NULL, NULL, NULL, NULL, NULL, NULL, NULL, NULL),
(801, '0000-00-00 00:00:00', NULL, NULL, NULL, NULL, NULL, NULL, NULL, NULL),
(802, '0000-00-00 00:00:00', NULL, NULL, NULL, NULL, NULL, NULL, NULL, NULL),
(803, '0000-00-00 00:00:00', NULL, NULL, NULL, NULL, NULL, NULL, NULL, NULL),
(804, '0000-00-00 00:00:00', NULL, NULL, NULL, NULL, NULL, NULL, NULL, NULL),
(805, '0000-00-00 00:00:00', NULL, NULL, NULL, NULL, NULL, NULL, NULL, NULL),
(806, '0000-00-00 00:00:00', NULL, NULL, NULL, NULL, NULL, NULL, NULL, NULL),
(807, '0000-00-00 00:00:00', NULL, NULL, NULL, NULL, NULL, NULL, NULL, NULL),
(808, '0000-00-00 00:00:00', NULL, NULL, NULL, NULL, NULL, NULL, NULL, NULL),
(809, '0000-00-00 00:00:00', NULL, NULL, NULL, NULL, NULL, NULL, NULL, NULL),
(810, '0000-00-00 00:00:00', NULL, NULL, NULL, NULL, NULL, NULL, NULL, NULL),
(811, '0000-00-00 00:00:00', NULL, NULL, NULL, NULL, NULL, NULL, NULL, NULL),
(812, '0000-00-00 00:00:00', NULL, NULL, NULL, NULL, NULL, NULL, NULL, NULL),
(813, '0000-00-00 00:00:00', NULL, NULL, NULL, NULL, NULL, NULL, NULL, NULL),
(814, '0000-00-00 00:00:00', NULL, NULL, NULL, NULL, NULL, NULL, NULL, NULL),
(815, '0000-00-00 00:00:00', NULL, NULL, NULL, NULL, NULL, NULL, NULL, NULL),
(816, '0000-00-00 00:00:00', NULL, NULL, NULL, NULL, NULL, NULL, NULL, NULL),
(817, '0000-00-00 00:00:00', NULL, NULL, NULL, NULL, NULL, NULL, NULL, NULL),
(818, '0000-00-00 00:00:00', NULL, NULL, NULL, NULL, NULL, NULL, NULL, NULL),
(819, '0000-00-00 00:00:00', NULL, NULL, NULL, NULL, NULL, NULL, NULL, NULL),
(820, '0000-00-00 00:00:00', NULL, NULL, NULL, NULL, NULL, NULL, NULL, NULL),
(821, '0000-00-00 00:00:00', NULL, NULL, NULL, NULL, NULL, NULL, NULL, NULL),
(822, '0000-00-00 00:00:00', NULL, NULL, NULL, NULL, NULL, NULL, NULL, NULL),
(823, '0000-00-00 00:00:00', NULL, NULL, NULL, NULL, NULL, NULL, NULL, NULL),
(824, '0000-00-00 00:00:00', NULL, NULL, NULL, NULL, NULL, NULL, NULL, NULL),
(825, '0000-00-00 00:00:00', NULL, NULL, NULL, NULL, NULL, NULL, NULL, NULL),
(826, '0000-00-00 00:00:00', NULL, NULL, NULL, NULL, NULL, NULL, NULL, NULL),
(827, '0000-00-00 00:00:00', NULL, NULL, NULL, NULL, NULL, NULL, NULL, NULL),
(828, '0000-00-00 00:00:00', NULL, NULL, NULL, NULL, NULL, NULL, NULL, NULL),
(829, '0000-00-00 00:00:00', NULL, NULL, NULL, NULL, NULL, NULL, NULL, NULL),
(830, '0000-00-00 00:00:00', NULL, NULL, NULL, NULL, NULL, NULL, NULL, NULL),
(831, '0000-00-00 00:00:00', NULL, NULL, NULL, NULL, NULL, NULL, NULL, NULL),
(832, '0000-00-00 00:00:00', NULL, NULL, NULL, NULL, NULL, NULL, NULL, NULL),
(833, '0000-00-00 00:00:00', NULL, NULL, NULL, NULL, NULL, NULL, NULL, NULL),
(834, '0000-00-00 00:00:00', NULL, NULL, NULL, NULL, NULL, NULL, NULL, NULL),
(835, '0000-00-00 00:00:00', NULL, NULL, NULL, NULL, NULL, NULL, NULL, NULL),
(836, '0000-00-00 00:00:00', NULL, NULL, NULL, NULL, NULL, NULL, NULL, NULL),
(837, '0000-00-00 00:00:00', NULL, NULL, NULL, NULL, NULL, NULL, NULL, NULL),
(838, '0000-00-00 00:00:00', NULL, NULL, NULL, NULL, NULL, NULL, NULL, NULL),
(839, '0000-00-00 00:00:00', NULL, NULL, NULL, NULL, NULL, NULL, NULL, NULL),
(840, '0000-00-00 00:00:00', NULL, NULL, NULL, NULL, NULL, NULL, NULL, NULL),
(841, '0000-00-00 00:00:00', NULL, NULL, NULL, NULL, NULL, NULL, NULL, NULL),
(842, '0000-00-00 00:00:00', NULL, NULL, NULL, NULL, NULL, NULL, NULL, NULL),
(843, '0000-00-00 00:00:00', NULL, NULL, NULL, NULL, NULL, NULL, NULL, NULL),
(844, '0000-00-00 00:00:00', NULL, NULL, NULL, NULL, NULL, NULL, NULL, NULL),
(845, '0000-00-00 00:00:00', NULL, NULL, NULL, NULL, NULL, NULL, NULL, NULL),
(846, '0000-00-00 00:00:00', NULL, NULL, NULL, NULL, NULL, NULL, NULL, NULL),
(847, '0000-00-00 00:00:00', NULL, NULL, NULL, NULL, NULL, NULL, NULL, NULL),
(848, '0000-00-00 00:00:00', NULL, NULL, NULL, NULL, NULL, NULL, NULL, NULL),
(849, '0000-00-00 00:00:00', NULL, NULL, NULL, NULL, NULL, NULL, NULL, NULL),
(850, '0000-00-00 00:00:00', NULL, NULL, NULL, NULL, NULL, NULL, NULL, NULL),
(851, '0000-00-00 00:00:00', NULL, NULL, NULL, NULL, NULL, NULL, NULL, NULL),
(852, '0000-00-00 00:00:00', NULL, NULL, NULL, NULL, NULL, NULL, NULL, NULL),
(853, '0000-00-00 00:00:00', NULL, NULL, NULL, NULL, NULL, NULL, NULL, NULL),
(854, '0000-00-00 00:00:00', NULL, NULL, NULL, NULL, NULL, NULL, NULL, NULL),
(855, '0000-00-00 00:00:00', NULL, NULL, NULL, NULL, NULL, NULL, NULL, NULL),
(856, '0000-00-00 00:00:00', NULL, NULL, NULL, NULL, NULL, NULL, NULL, NULL),
(857, '0000-00-00 00:00:00', NULL, NULL, NULL, NULL, NULL, NULL, NULL, NULL),
(858, '0000-00-00 00:00:00', NULL, NULL, NULL, NULL, NULL, NULL, NULL, NULL),
(859, '0000-00-00 00:00:00', NULL, NULL, NULL, NULL, NULL, NULL, NULL, NULL),
(860, '0000-00-00 00:00:00', NULL, NULL, NULL, NULL, NULL, NULL, NULL, NULL),
(861, '0000-00-00 00:00:00', NULL, NULL, NULL, NULL, NULL, NULL, NULL, NULL),
(862, '0000-00-00 00:00:00', NULL, NULL, NULL, NULL, NULL, NULL, NULL, NULL),
(863, '0000-00-00 00:00:00', NULL, NULL, NULL, NULL, NULL, NULL, NULL, NULL),
(864, '0000-00-00 00:00:00', NULL, NULL, NULL, NULL, NULL, NULL, NULL, NULL),
(865, '0000-00-00 00:00:00', NULL, NULL, NULL, NULL, NULL, NULL, NULL, NULL),
(866, '0000-00-00 00:00:00', NULL, NULL, NULL, NULL, NULL, NULL, NULL, NULL),
(867, '0000-00-00 00:00:00', NULL, NULL, NULL, NULL, NULL, NULL, NULL, NULL),
(868, '0000-00-00 00:00:00', NULL, NULL, NULL, NULL, NULL, NULL, NULL, NULL),
(869, '0000-00-00 00:00:00', NULL, NULL, NULL, NULL, NULL, NULL, NULL, NULL),
(870, '0000-00-00 00:00:00', NULL, NULL, NULL, NULL, NULL, NULL, NULL, NULL),
(871, '0000-00-00 00:00:00', NULL, NULL, NULL, NULL, NULL, NULL, NULL, NULL),
(872, '0000-00-00 00:00:00', NULL, NULL, NULL, NULL, NULL, NULL, NULL, NULL),
(873, '0000-00-00 00:00:00', NULL, NULL, NULL, NULL, NULL, NULL, NULL, NULL),
(874, '0000-00-00 00:00:00', NULL, NULL, NULL, NULL, NULL, NULL, NULL, NULL),
(875, '0000-00-00 00:00:00', NULL, NULL, NULL, NULL, NULL, NULL, NULL, NULL),
(876, '0000-00-00 00:00:00', NULL, NULL, NULL, NULL, NULL, NULL, NULL, NULL),
(877, '0000-00-00 00:00:00', NULL, NULL, NULL, NULL, NULL, NULL, NULL, NULL),
(878, '0000-00-00 00:00:00', NULL, NULL, NULL, NULL, NULL, NULL, NULL, NULL),
(879, '0000-00-00 00:00:00', NULL, NULL, NULL, NULL, NULL, NULL, NULL, NULL),
(880, '0000-00-00 00:00:00', NULL, NULL, NULL, NULL, NULL, NULL, NULL, NULL),
(881, '0000-00-00 00:00:00', NULL, NULL, NULL, NULL, NULL, NULL, NULL, NULL),
(882, '0000-00-00 00:00:00', NULL, NULL, NULL, NULL, NULL, NULL, NULL, NULL),
(883, '0000-00-00 00:00:00', NULL, NULL, NULL, NULL, NULL, NULL, NULL, NULL),
(884, '0000-00-00 00:00:00', NULL, NULL, NULL, NULL, NULL, NULL, NULL, NULL),
(885, '0000-00-00 00:00:00', NULL, NULL, NULL, NULL, NULL, NULL, NULL, NULL),
(886, '0000-00-00 00:00:00', NULL, NULL, NULL, NULL, NULL, NULL, NULL, NULL),
(887, '0000-00-00 00:00:00', NULL, NULL, NULL, NULL, NULL, NULL, NULL, NULL),
(888, '0000-00-00 00:00:00', NULL, NULL, NULL, NULL, NULL, NULL, NULL, NULL),
(889, '0000-00-00 00:00:00', NULL, NULL, NULL, NULL, NULL, NULL, NULL, NULL),
(890, '0000-00-00 00:00:00', NULL, NULL, NULL, NULL, NULL, NULL, NULL, NULL),
(891, '0000-00-00 00:00:00', NULL, NULL, NULL, NULL, NULL, NULL, NULL, NULL),
(892, '0000-00-00 00:00:00', NULL, NULL, NULL, NULL, NULL, NULL, NULL, NULL),
(893, '0000-00-00 00:00:00', NULL, NULL, NULL, NULL, NULL, NULL, NULL, NULL),
(894, '0000-00-00 00:00:00', NULL, NULL, NULL, NULL, NULL, NULL, NULL, NULL),
(895, '0000-00-00 00:00:00', NULL, NULL, NULL, NULL, NULL, NULL, NULL, NULL),
(896, '0000-00-00 00:00:00', NULL, NULL, NULL, NULL, NULL, NULL, NULL, NULL),
(897, '0000-00-00 00:00:00', NULL, NULL, NULL, NULL, NULL, NULL, NULL, NULL),
(898, '0000-00-00 00:00:00', NULL, NULL, NULL, NULL, NULL, NULL, NULL, NULL),
(899, '0000-00-00 00:00:00', NULL, NULL, NULL, NULL, NULL, NULL, NULL, NULL),
(900, '0000-00-00 00:00:00', NULL, NULL, NULL, NULL, NULL, NULL, NULL, NULL),
(901, '0000-00-00 00:00:00', NULL, NULL, NULL, NULL, NULL, NULL, NULL, NULL),
(902, '0000-00-00 00:00:00', NULL, NULL, NULL, NULL, NULL, NULL, NULL, NULL),
(903, '0000-00-00 00:00:00', NULL, NULL, NULL, NULL, NULL, NULL, NULL, NULL),
(904, '0000-00-00 00:00:00', NULL, NULL, NULL, NULL, NULL, NULL, NULL, NULL),
(905, '0000-00-00 00:00:00', NULL, NULL, NULL, NULL, NULL, NULL, NULL, NULL),
(906, '0000-00-00 00:00:00', NULL, NULL, NULL, NULL, NULL, NULL, NULL, NULL),
(907, '0000-00-00 00:00:00', NULL, NULL, NULL, NULL, NULL, NULL, NULL, NULL),
(908, '0000-00-00 00:00:00', NULL, NULL, NULL, NULL, NULL, NULL, NULL, NULL),
(909, '0000-00-00 00:00:00', NULL, NULL, NULL, NULL, NULL, NULL, NULL, NULL),
(910, '0000-00-00 00:00:00', NULL, NULL, NULL, NULL, NULL, NULL, NULL, NULL),
(911, '0000-00-00 00:00:00', NULL, NULL, NULL, NULL, NULL, NULL, NULL, NULL),
(912, '0000-00-00 00:00:00', NULL, NULL, NULL, NULL, NULL, NULL, NULL, NULL),
(913, '0000-00-00 00:00:00', NULL, NULL, NULL, NULL, NULL, NULL, NULL, NULL),
(914, '0000-00-00 00:00:00', NULL, NULL, NULL, NULL, NULL, NULL, NULL, NULL),
(915, '0000-00-00 00:00:00', NULL, NULL, NULL, NULL, NULL, NULL, NULL, NULL),
(916, '0000-00-00 00:00:00', NULL, NULL, NULL, NULL, NULL, NULL, NULL, NULL),
(917, '0000-00-00 00:00:00', NULL, NULL, NULL, NULL, NULL, NULL, NULL, NULL),
(918, '0000-00-00 00:00:00', NULL, NULL, NULL, NULL, NULL, NULL, NULL, NULL),
(919, '0000-00-00 00:00:00', NULL, NULL, NULL, NULL, NULL, NULL, NULL, NULL),
(920, '0000-00-00 00:00:00', NULL, NULL, NULL, NULL, NULL, NULL, NULL, NULL),
(921, '0000-00-00 00:00:00', NULL, NULL, NULL, NULL, NULL, NULL, NULL, NULL),
(922, '0000-00-00 00:00:00', NULL, NULL, NULL, NULL, NULL, NULL, NULL, NULL),
(923, '0000-00-00 00:00:00', NULL, NULL, NULL, NULL, NULL, NULL, NULL, NULL),
(924, '0000-00-00 00:00:00', NULL, NULL, NULL, NULL, NULL, NULL, NULL, NULL),
(925, '0000-00-00 00:00:00', NULL, NULL, NULL, NULL, NULL, NULL, NULL, NULL),
(926, '0000-00-00 00:00:00', NULL, NULL, NULL, NULL, NULL, NULL, NULL, NULL),
(927, '0000-00-00 00:00:00', NULL, NULL, NULL, NULL, NULL, NULL, NULL, NULL),
(928, '0000-00-00 00:00:00', NULL, NULL, NULL, NULL, NULL, NULL, NULL, NULL),
(929, '0000-00-00 00:00:00', NULL, NULL, NULL, NULL, NULL, NULL, NULL, NULL),
(930, '0000-00-00 00:00:00', NULL, NULL, NULL, NULL, NULL, NULL, NULL, NULL),
(931, '0000-00-00 00:00:00', NULL, NULL, NULL, NULL, NULL, NULL, NULL, NULL),
(932, '0000-00-00 00:00:00', NULL, NULL, NULL, NULL, NULL, NULL, NULL, NULL),
(933, '0000-00-00 00:00:00', NULL, NULL, NULL, NULL, NULL, NULL, NULL, NULL),
(934, '0000-00-00 00:00:00', NULL, NULL, NULL, NULL, NULL, NULL, NULL, NULL),
(935, '0000-00-00 00:00:00', NULL, NULL, NULL, NULL, NULL, NULL, NULL, NULL),
(936, '0000-00-00 00:00:00', NULL, NULL, NULL, NULL, NULL, NULL, NULL, NULL),
(937, '0000-00-00 00:00:00', NULL, NULL, NULL, NULL, NULL, NULL, NULL, NULL),
(938, '0000-00-00 00:00:00', NULL, NULL, NULL, NULL, NULL, NULL, NULL, NULL),
(939, '0000-00-00 00:00:00', NULL, NULL, NULL, NULL, NULL, NULL, NULL, NULL),
(940, '0000-00-00 00:00:00', NULL, NULL, NULL, NULL, NULL, NULL, NULL, NULL),
(941, '0000-00-00 00:00:00', NULL, NULL, NULL, NULL, NULL, NULL, NULL, NULL),
(942, '0000-00-00 00:00:00', NULL, NULL, NULL, NULL, NULL, NULL, NULL, NULL),
(943, '0000-00-00 00:00:00', NULL, NULL, NULL, NULL, NULL, NULL, NULL, NULL),
(944, '0000-00-00 00:00:00', NULL, NULL, NULL, NULL, NULL, NULL, NULL, NULL),
(945, '0000-00-00 00:00:00', NULL, NULL, NULL, NULL, NULL, NULL, NULL, NULL),
(946, '0000-00-00 00:00:00', NULL, NULL, NULL, NULL, NULL, NULL, NULL, NULL),
(947, '0000-00-00 00:00:00', NULL, NULL, NULL, NULL, NULL, NULL, NULL, NULL),
(948, '0000-00-00 00:00:00', NULL, NULL, NULL, NULL, NULL, NULL, NULL, NULL),
(949, '0000-00-00 00:00:00', NULL, NULL, NULL, NULL, NULL, NULL, NULL, NULL),
(950, '0000-00-00 00:00:00', NULL, NULL, NULL, NULL, NULL, NULL, NULL, NULL),
(951, '0000-00-00 00:00:00', NULL, NULL, NULL, NULL, NULL, NULL, NULL, NULL),
(952, '0000-00-00 00:00:00', NULL, NULL, NULL, NULL, NULL, NULL, NULL, NULL),
(953, '0000-00-00 00:00:00', NULL, NULL, NULL, NULL, NULL, NULL, NULL, NULL),
(954, '0000-00-00 00:00:00', NULL, NULL, NULL, NULL, NULL, NULL, NULL, NULL),
(955, '0000-00-00 00:00:00', NULL, NULL, NULL, NULL, NULL, NULL, NULL, NULL),
(956, '0000-00-00 00:00:00', NULL, NULL, NULL, NULL, NULL, NULL, NULL, NULL),
(957, '0000-00-00 00:00:00', NULL, NULL, NULL, NULL, NULL, NULL, NULL, NULL),
(958, '0000-00-00 00:00:00', NULL, NULL, NULL, NULL, NULL, NULL, NULL, NULL),
(959, '0000-00-00 00:00:00', NULL, NULL, NULL, NULL, NULL, NULL, NULL, NULL),
(960, '0000-00-00 00:00:00', NULL, NULL, NULL, NULL, NULL, NULL, NULL, NULL),
(961, '0000-00-00 00:00:00', NULL, NULL, NULL, NULL, NULL, NULL, NULL, NULL),
(962, '0000-00-00 00:00:00', NULL, NULL, NULL, NULL, NULL, NULL, NULL, NULL),
(963, '0000-00-00 00:00:00', NULL, NULL, NULL, NULL, NULL, NULL, NULL, NULL),
(964, '0000-00-00 00:00:00', NULL, NULL, NULL, NULL, NULL, NULL, NULL, NULL),
(965, '0000-00-00 00:00:00', NULL, NULL, NULL, NULL, NULL, NULL, NULL, NULL),
(966, '0000-00-00 00:00:00', NULL, NULL, NULL, NULL, NULL, NULL, NULL, NULL),
(967, '0000-00-00 00:00:00', NULL, NULL, NULL, NULL, NULL, NULL, NULL, NULL),
(968, '0000-00-00 00:00:00', NULL, NULL, NULL, NULL, NULL, NULL, NULL, NULL),
(969, '0000-00-00 00:00:00', NULL, NULL, NULL, NULL, NULL, NULL, NULL, NULL),
(970, '0000-00-00 00:00:00', NULL, NULL, NULL, NULL, NULL, NULL, NULL, NULL),
(971, '0000-00-00 00:00:00', NULL, NULL, NULL, NULL, NULL, NULL, NULL, NULL),
(972, '0000-00-00 00:00:00', NULL, NULL, NULL, NULL, NULL, NULL, NULL, NULL),
(973, '0000-00-00 00:00:00', NULL, NULL, NULL, NULL, NULL, NULL, NULL, NULL),
(974, '0000-00-00 00:00:00', NULL, NULL, NULL, NULL, NULL, NULL, NULL, NULL),
(975, '0000-00-00 00:00:00', NULL, NULL, NULL, NULL, NULL, NULL, NULL, NULL),
(976, '0000-00-00 00:00:00', NULL, NULL, NULL, NULL, NULL, NULL, NULL, NULL),
(977, '0000-00-00 00:00:00', NULL, NULL, NULL, NULL, NULL, NULL, NULL, NULL),
(978, '0000-00-00 00:00:00', NULL, NULL, NULL, NULL, NULL, NULL, NULL, NULL),
(979, '0000-00-00 00:00:00', NULL, NULL, NULL, NULL, NULL, NULL, NULL, NULL),
(980, '0000-00-00 00:00:00', NULL, NULL, NULL, NULL, NULL, NULL, NULL, NULL),
(981, '0000-00-00 00:00:00', NULL, NULL, NULL, NULL, NULL, NULL, NULL, NULL),
(982, '0000-00-00 00:00:00', NULL, NULL, NULL, NULL, NULL, NULL, NULL, NULL),
(983, '0000-00-00 00:00:00', NULL, NULL, NULL, NULL, NULL, NULL, NULL, NULL),
(984, '0000-00-00 00:00:00', NULL, NULL, NULL, NULL, NULL, NULL, NULL, NULL),
(985, '0000-00-00 00:00:00', NULL, NULL, NULL, NULL, NULL, NULL, NULL, NULL),
(986, '0000-00-00 00:00:00', NULL, NULL, NULL, NULL, NULL, NULL, NULL, NULL),
(987, '0000-00-00 00:00:00', NULL, NULL, NULL, NULL, NULL, NULL, NULL, NULL),
(988, '0000-00-00 00:00:00', NULL, NULL, NULL, NULL, NULL, NULL, NULL, NULL),
(989, '0000-00-00 00:00:00', NULL, NULL, NULL, NULL, NULL, NULL, NULL, NULL),
(990, '0000-00-00 00:00:00', NULL, NULL, NULL, NULL, NULL, NULL, NULL, NULL),
(991, '0000-00-00 00:00:00', NULL, NULL, NULL, NULL, NULL, NULL, NULL, NULL),
(992, '0000-00-00 00:00:00', NULL, NULL, NULL, NULL, NULL, NULL, NULL, NULL),
(993, '0000-00-00 00:00:00', NULL, NULL, NULL, NULL, NULL, NULL, NULL, NULL),
(994, '0000-00-00 00:00:00', NULL, NULL, NULL, NULL, NULL, NULL, NULL, NULL),
(995, '0000-00-00 00:00:00', NULL, NULL, NULL, NULL, NULL, NULL, NULL, NULL),
(996, '0000-00-00 00:00:00', NULL, NULL, NULL, NULL, NULL, NULL, NULL, NULL),
(997, '0000-00-00 00:00:00', NULL, NULL, NULL, NULL, NULL, NULL, NULL, NULL),
(998, '0000-00-00 00:00:00', NULL, NULL, NULL, NULL, NULL, NULL, NULL, NULL),
(999, '0000-00-00 00:00:00', NULL, NULL, NULL, NULL, NULL, NULL, NULL, NULL),
(1000, '0000-00-00 00:00:00', NULL, NULL, NULL, NULL, NULL, NULL, NULL, NULL),
(1001, '0000-00-00 00:00:00', NULL, NULL, NULL, NULL, NULL, NULL, NULL, NULL),
(1002, '0000-00-00 00:00:00', NULL, NULL, NULL, NULL, NULL, NULL, NULL, NULL),
(1003, '0000-00-00 00:00:00', NULL, NULL, NULL, NULL, NULL, NULL, NULL, NULL),
(1004, '0000-00-00 00:00:00', NULL, NULL, NULL, NULL, NULL, NULL, NULL, NULL),
(1005, '0000-00-00 00:00:00', NULL, NULL, NULL, NULL, NULL, NULL, NULL, NULL),
(1006, '0000-00-00 00:00:00', NULL, NULL, NULL, NULL, NULL, NULL, NULL, NULL),
(1007, '0000-00-00 00:00:00', NULL, NULL, NULL, NULL, NULL, NULL, NULL, NULL),
(1008, '0000-00-00 00:00:00', NULL, NULL, NULL, NULL, NULL, NULL, NULL, NULL),
(1009, '0000-00-00 00:00:00', NULL, NULL, NULL, NULL, NULL, NULL, NULL, NULL),
(1010, '0000-00-00 00:00:00', NULL, NULL, NULL, NULL, NULL, NULL, NULL, NULL),
(1011, '0000-00-00 00:00:00', NULL, NULL, NULL, NULL, NULL, NULL, NULL, NULL),
(1012, '0000-00-00 00:00:00', NULL, NULL, NULL, NULL, NULL, NULL, NULL, NULL),
(1013, '0000-00-00 00:00:00', NULL, NULL, NULL, NULL, NULL, NULL, NULL, NULL),
(1014, '0000-00-00 00:00:00', NULL, NULL, NULL, NULL, NULL, NULL, NULL, NULL),
(1015, '0000-00-00 00:00:00', NULL, NULL, NULL, NULL, NULL, NULL, NULL, NULL),
(1016, '0000-00-00 00:00:00', NULL, NULL, NULL, NULL, NULL, NULL, NULL, NULL),
(1017, '0000-00-00 00:00:00', NULL, NULL, NULL, NULL, NULL, NULL, NULL, NULL),
(1018, '0000-00-00 00:00:00', NULL, NULL, NULL, NULL, NULL, NULL, NULL, NULL),
(1019, '0000-00-00 00:00:00', NULL, NULL, NULL, NULL, NULL, NULL, NULL, NULL),
(1020, '0000-00-00 00:00:00', NULL, NULL, NULL, NULL, NULL, NULL, NULL, NULL),
(1021, '0000-00-00 00:00:00', NULL, NULL, NULL, NULL, NULL, NULL, NULL, NULL),
(1022, '0000-00-00 00:00:00', NULL, NULL, NULL, NULL, NULL, NULL, NULL, NULL),
(1023, '0000-00-00 00:00:00', NULL, NULL, NULL, NULL, NULL, NULL, NULL, NULL),
(1024, '0000-00-00 00:00:00', NULL, NULL, NULL, NULL, NULL, NULL, NULL, NULL),
(1025, '0000-00-00 00:00:00', NULL, NULL, NULL, NULL, NULL, NULL, NULL, NULL),
(1026, '0000-00-00 00:00:00', NULL, NULL, NULL, NULL, NULL, NULL, NULL, NULL),
(1027, '0000-00-00 00:00:00', NULL, NULL, NULL, NULL, NULL, NULL, NULL, NULL),
(1028, '0000-00-00 00:00:00', NULL, NULL, NULL, NULL, NULL, NULL, NULL, NULL),
(1029, '0000-00-00 00:00:00', NULL, NULL, NULL, NULL, NULL, NULL, NULL, NULL),
(1030, '0000-00-00 00:00:00', NULL, NULL, NULL, NULL, NULL, NULL, NULL, NULL),
(1031, '0000-00-00 00:00:00', NULL, NULL, NULL, NULL, NULL, NULL, NULL, NULL),
(1032, '0000-00-00 00:00:00', NULL, NULL, NULL, NULL, NULL, NULL, NULL, NULL),
(1033, '0000-00-00 00:00:00', NULL, NULL, NULL, NULL, NULL, NULL, NULL, NULL),
(1034, '0000-00-00 00:00:00', NULL, NULL, NULL, NULL, NULL, NULL, NULL, NULL),
(1035, '0000-00-00 00:00:00', NULL, NULL, NULL, NULL, NULL, NULL, NULL, NULL),
(1036, '0000-00-00 00:00:00', NULL, NULL, NULL, NULL, NULL, NULL, NULL, NULL),
(1037, '0000-00-00 00:00:00', NULL, NULL, NULL, NULL, NULL, NULL, NULL, NULL),
(1038, '0000-00-00 00:00:00', NULL, NULL, NULL, NULL, NULL, NULL, NULL, NULL),
(1039, '0000-00-00 00:00:00', NULL, NULL, NULL, NULL, NULL, NULL, NULL, NULL),
(1040, '0000-00-00 00:00:00', NULL, NULL, NULL, NULL, NULL, NULL, NULL, NULL),
(1041, '0000-00-00 00:00:00', NULL, NULL, NULL, NULL, NULL, NULL, NULL, NULL),
(1042, '0000-00-00 00:00:00', NULL, NULL, NULL, NULL, NULL, NULL, NULL, NULL),
(1043, '0000-00-00 00:00:00', NULL, NULL, NULL, NULL, NULL, NULL, NULL, NULL),
(1044, '0000-00-00 00:00:00', NULL, NULL, NULL, NULL, NULL, NULL, NULL, NULL),
(1045, '0000-00-00 00:00:00', NULL, NULL, NULL, NULL, NULL, NULL, NULL, NULL),
(1046, '0000-00-00 00:00:00', NULL, NULL, NULL, NULL, NULL, NULL, NULL, NULL),
(1047, '0000-00-00 00:00:00', NULL, NULL, NULL, NULL, NULL, NULL, NULL, NULL),
(1048, '0000-00-00 00:00:00', NULL, NULL, NULL, NULL, NULL, NULL, NULL, NULL),
(1049, '0000-00-00 00:00:00', NULL, NULL, NULL, NULL, NULL, NULL, NULL, NULL),
(1050, '0000-00-00 00:00:00', NULL, NULL, NULL, NULL, NULL, NULL, NULL, NULL),
(1051, '0000-00-00 00:00:00', NULL, NULL, NULL, NULL, NULL, NULL, NULL, NULL),
(1052, '0000-00-00 00:00:00', NULL, NULL, NULL, NULL, NULL, NULL, NULL, NULL),
(1053, '0000-00-00 00:00:00', NULL, NULL, NULL, NULL, NULL, NULL, NULL, NULL),
(1054, '0000-00-00 00:00:00', NULL, NULL, NULL, NULL, NULL, NULL, NULL, NULL),
(1055, '0000-00-00 00:00:00', NULL, NULL, NULL, NULL, NULL, NULL, NULL, NULL),
(1056, '0000-00-00 00:00:00', NULL, NULL, NULL, NULL, NULL, NULL, NULL, NULL),
(1057, '0000-00-00 00:00:00', NULL, NULL, NULL, NULL, NULL, NULL, NULL, NULL),
(1058, '0000-00-00 00:00:00', NULL, NULL, NULL, NULL, NULL, NULL, NULL, NULL),
(1059, '0000-00-00 00:00:00', NULL, NULL, NULL, NULL, NULL, NULL, NULL, NULL),
(1060, '0000-00-00 00:00:00', NULL, NULL, NULL, NULL, NULL, NULL, NULL, NULL),
(1061, '0000-00-00 00:00:00', NULL, NULL, NULL, NULL, NULL, NULL, NULL, NULL),
(1062, '0000-00-00 00:00:00', NULL, NULL, NULL, NULL, NULL, NULL, NULL, NULL),
(1063, '0000-00-00 00:00:00', NULL, NULL, NULL, NULL, NULL, NULL, NULL, NULL),
(1064, '0000-00-00 00:00:00', NULL, NULL, NULL, NULL, NULL, NULL, NULL, NULL),
(1065, '0000-00-00 00:00:00', NULL, NULL, NULL, NULL, NULL, NULL, NULL, NULL),
(1066, '0000-00-00 00:00:00', NULL, NULL, NULL, NULL, NULL, NULL, NULL, NULL),
(1067, '0000-00-00 00:00:00', NULL, NULL, NULL, NULL, NULL, NULL, NULL, NULL),
(1068, '0000-00-00 00:00:00', NULL, NULL, NULL, NULL, NULL, NULL, NULL, NULL),
(1069, '0000-00-00 00:00:00', NULL, NULL, NULL, NULL, NULL, NULL, NULL, NULL),
(1070, '0000-00-00 00:00:00', NULL, NULL, NULL, NULL, NULL, NULL, NULL, NULL),
(1071, '0000-00-00 00:00:00', NULL, NULL, NULL, NULL, NULL, NULL, NULL, NULL),
(1072, '0000-00-00 00:00:00', NULL, NULL, NULL, NULL, NULL, NULL, NULL, NULL),
(1073, '0000-00-00 00:00:00', NULL, NULL, NULL, NULL, NULL, NULL, NULL, NULL),
(1074, '0000-00-00 00:00:00', NULL, NULL, NULL, NULL, NULL, NULL, NULL, NULL),
(1075, '0000-00-00 00:00:00', NULL, NULL, NULL, NULL, NULL, NULL, NULL, NULL),
(1076, '0000-00-00 00:00:00', NULL, NULL, NULL, NULL, NULL, NULL, NULL, NULL),
(1077, '0000-00-00 00:00:00', NULL, NULL, NULL, NULL, NULL, NULL, NULL, NULL),
(1078, '0000-00-00 00:00:00', NULL, NULL, NULL, NULL, NULL, NULL, NULL, NULL),
(1079, '0000-00-00 00:00:00', NULL, NULL, NULL, NULL, NULL, NULL, NULL, NULL),
(1080, '0000-00-00 00:00:00', NULL, NULL, NULL, NULL, NULL, NULL, NULL, NULL),
(1081, '0000-00-00 00:00:00', NULL, NULL, NULL, NULL, NULL, NULL, NULL, NULL),
(1082, '0000-00-00 00:00:00', NULL, NULL, NULL, NULL, NULL, NULL, NULL, NULL),
(1083, '0000-00-00 00:00:00', NULL, NULL, NULL, NULL, NULL, NULL, NULL, NULL),
(1084, '0000-00-00 00:00:00', NULL, NULL, NULL, NULL, NULL, NULL, NULL, NULL),
(1085, '0000-00-00 00:00:00', NULL, NULL, NULL, NULL, NULL, NULL, NULL, NULL),
(1086, '0000-00-00 00:00:00', NULL, NULL, NULL, NULL, NULL, NULL, NULL, NULL),
(1087, '0000-00-00 00:00:00', NULL, NULL, NULL, NULL, NULL, NULL, NULL, NULL),
(1088, '0000-00-00 00:00:00', NULL, NULL, NULL, NULL, NULL, NULL, NULL, NULL),
(1089, '0000-00-00 00:00:00', NULL, NULL, NULL, NULL, NULL, NULL, NULL, NULL),
(1090, '0000-00-00 00:00:00', NULL, NULL, NULL, NULL, NULL, NULL, NULL, NULL),
(1091, '0000-00-00 00:00:00', NULL, NULL, NULL, NULL, NULL, NULL, NULL, NULL),
(1092, '0000-00-00 00:00:00', NULL, NULL, NULL, NULL, NULL, NULL, NULL, NULL),
(1093, '0000-00-00 00:00:00', NULL, NULL, NULL, NULL, NULL, NULL, NULL, NULL),
(1094, '0000-00-00 00:00:00', NULL, NULL, NULL, NULL, NULL, NULL, NULL, NULL),
(1095, '0000-00-00 00:00:00', NULL, NULL, NULL, NULL, NULL, NULL, NULL, NULL),
(1096, '0000-00-00 00:00:00', NULL, NULL, NULL, NULL, NULL, NULL, NULL, NULL),
(1097, '0000-00-00 00:00:00', NULL, NULL, NULL, NULL, NULL, NULL, NULL, NULL),
(1098, '0000-00-00 00:00:00', NULL, NULL, NULL, NULL, NULL, NULL, NULL, NULL),
(1099, '0000-00-00 00:00:00', NULL, NULL, NULL, NULL, NULL, NULL, NULL, NULL),
(1100, '0000-00-00 00:00:00', NULL, NULL, NULL, NULL, NULL, NULL, NULL, NULL),
(1101, '0000-00-00 00:00:00', NULL, NULL, NULL, NULL, NULL, NULL, NULL, NULL),
(1102, '0000-00-00 00:00:00', NULL, NULL, NULL, NULL, NULL, NULL, NULL, NULL),
(1103, '0000-00-00 00:00:00', NULL, NULL, NULL, NULL, NULL, NULL, NULL, NULL),
(1104, '0000-00-00 00:00:00', NULL, NULL, NULL, NULL, NULL, NULL, NULL, NULL),
(1105, '0000-00-00 00:00:00', NULL, NULL, NULL, NULL, NULL, NULL, NULL, NULL),
(1106, '0000-00-00 00:00:00', NULL, NULL, NULL, NULL, NULL, NULL, NULL, NULL),
(1107, '0000-00-00 00:00:00', NULL, NULL, NULL, NULL, NULL, NULL, NULL, NULL),
(1108, '0000-00-00 00:00:00', NULL, NULL, NULL, NULL, NULL, NULL, NULL, NULL),
(1109, '0000-00-00 00:00:00', NULL, NULL, NULL, NULL, NULL, NULL, NULL, NULL),
(1110, '0000-00-00 00:00:00', NULL, NULL, NULL, NULL, NULL, NULL, NULL, NULL),
(1111, '0000-00-00 00:00:00', NULL, NULL, NULL, NULL, NULL, NULL, NULL, NULL),
(1112, '0000-00-00 00:00:00', NULL, NULL, NULL, NULL, NULL, NULL, NULL, NULL),
(1113, '0000-00-00 00:00:00', NULL, NULL, NULL, NULL, NULL, NULL, NULL, NULL),
(1114, '0000-00-00 00:00:00', NULL, NULL, NULL, NULL, NULL, NULL, NULL, NULL),
(1115, '0000-00-00 00:00:00', NULL, NULL, NULL, NULL, NULL, NULL, NULL, NULL),
(1116, '0000-00-00 00:00:00', NULL, NULL, NULL, NULL, NULL, NULL, NULL, NULL),
(1117, '0000-00-00 00:00:00', NULL, NULL, NULL, NULL, NULL, NULL, NULL, NULL),
(1118, '0000-00-00 00:00:00', NULL, NULL, NULL, NULL, NULL, NULL, NULL, NULL),
(1119, '0000-00-00 00:00:00', NULL, NULL, NULL, NULL, NULL, NULL, NULL, NULL),
(1120, '0000-00-00 00:00:00', NULL, NULL, NULL, NULL, NULL, NULL, NULL, NULL),
(1121, '0000-00-00 00:00:00', NULL, NULL, NULL, NULL, NULL, NULL, NULL, NULL),
(1122, '0000-00-00 00:00:00', NULL, NULL, NULL, NULL, NULL, NULL, NULL, NULL),
(1123, '0000-00-00 00:00:00', NULL, NULL, NULL, NULL, NULL, NULL, NULL, NULL),
(1124, '0000-00-00 00:00:00', NULL, NULL, NULL, NULL, NULL, NULL, NULL, NULL),
(1125, '0000-00-00 00:00:00', NULL, NULL, NULL, NULL, NULL, NULL, NULL, NULL),
(1126, '0000-00-00 00:00:00', NULL, NULL, NULL, NULL, NULL, NULL, NULL, NULL),
(1127, '0000-00-00 00:00:00', NULL, NULL, NULL, NULL, NULL, NULL, NULL, NULL),
(1128, '0000-00-00 00:00:00', NULL, NULL, NULL, NULL, NULL, NULL, NULL, NULL),
(1129, '0000-00-00 00:00:00', NULL, NULL, NULL, NULL, NULL, NULL, NULL, NULL),
(1130, '0000-00-00 00:00:00', NULL, NULL, NULL, NULL, NULL, NULL, NULL, NULL),
(1131, '0000-00-00 00:00:00', NULL, NULL, NULL, NULL, NULL, NULL, NULL, NULL),
(1132, '0000-00-00 00:00:00', NULL, NULL, NULL, NULL, NULL, NULL, NULL, NULL),
(1133, '0000-00-00 00:00:00', NULL, NULL, NULL, NULL, NULL, NULL, NULL, NULL),
(1134, '0000-00-00 00:00:00', NULL, NULL, NULL, NULL, NULL, NULL, NULL, NULL),
(1135, '0000-00-00 00:00:00', NULL, NULL, NULL, NULL, NULL, NULL, NULL, NULL),
(1136, '0000-00-00 00:00:00', NULL, NULL, NULL, NULL, NULL, NULL, NULL, NULL),
(1137, '0000-00-00 00:00:00', NULL, NULL, NULL, NULL, NULL, NULL, NULL, NULL),
(1138, '0000-00-00 00:00:00', NULL, NULL, NULL, NULL, NULL, NULL, NULL, NULL),
(1139, '0000-00-00 00:00:00', NULL, NULL, NULL, NULL, NULL, NULL, NULL, NULL),
(1140, '0000-00-00 00:00:00', NULL, NULL, NULL, NULL, NULL, NULL, NULL, NULL),
(1141, '0000-00-00 00:00:00', NULL, NULL, NULL, NULL, NULL, NULL, NULL, NULL),
(1142, '0000-00-00 00:00:00', NULL, NULL, NULL, NULL, NULL, NULL, NULL, NULL),
(1143, '0000-00-00 00:00:00', NULL, NULL, NULL, NULL, NULL, NULL, NULL, NULL),
(1144, '0000-00-00 00:00:00', NULL, NULL, NULL, NULL, NULL, NULL, NULL, NULL),
(1145, '0000-00-00 00:00:00', NULL, NULL, NULL, NULL, NULL, NULL, NULL, NULL),
(1146, '0000-00-00 00:00:00', NULL, NULL, NULL, NULL, NULL, NULL, NULL, NULL),
(1147, '0000-00-00 00:00:00', NULL, NULL, NULL, NULL, NULL, NULL, NULL, NULL),
(1148, '0000-00-00 00:00:00', NULL, NULL, NULL, NULL, NULL, NULL, NULL, NULL),
(1149, '0000-00-00 00:00:00', NULL, NULL, NULL, NULL, NULL, NULL, NULL, NULL),
(1150, '0000-00-00 00:00:00', NULL, NULL, NULL, NULL, NULL, NULL, NULL, NULL),
(1151, '0000-00-00 00:00:00', NULL, NULL, NULL, NULL, NULL, NULL, NULL, NULL),
(1152, '0000-00-00 00:00:00', NULL, NULL, NULL, NULL, NULL, NULL, NULL, NULL),
(1153, '0000-00-00 00:00:00', NULL, NULL, NULL, NULL, NULL, NULL, NULL, NULL),
(1154, '0000-00-00 00:00:00', NULL, NULL, NULL, NULL, NULL, NULL, NULL, NULL),
(1155, '0000-00-00 00:00:00', NULL, NULL, NULL, NULL, NULL, NULL, NULL, NULL),
(1156, '0000-00-00 00:00:00', NULL, NULL, NULL, NULL, NULL, NULL, NULL, NULL),
(1157, '0000-00-00 00:00:00', NULL, NULL, NULL, NULL, NULL, NULL, NULL, NULL),
(1158, '0000-00-00 00:00:00', NULL, NULL, NULL, NULL, NULL, NULL, NULL, NULL),
(1159, '0000-00-00 00:00:00', NULL, NULL, NULL, NULL, NULL, NULL, NULL, NULL),
(1160, '0000-00-00 00:00:00', NULL, NULL, NULL, NULL, NULL, NULL, NULL, NULL),
(1161, '0000-00-00 00:00:00', NULL, NULL, NULL, NULL, NULL, NULL, NULL, NULL),
(1162, '0000-00-00 00:00:00', NULL, NULL, NULL, NULL, NULL, NULL, NULL, NULL),
(1163, '0000-00-00 00:00:00', NULL, NULL, NULL, NULL, NULL, NULL, NULL, NULL),
(1164, '0000-00-00 00:00:00', NULL, NULL, NULL, NULL, NULL, NULL, NULL, NULL),
(1165, '0000-00-00 00:00:00', NULL, NULL, NULL, NULL, NULL, NULL, NULL, NULL),
(1166, '0000-00-00 00:00:00', NULL, NULL, NULL, NULL, NULL, NULL, NULL, NULL),
(1167, '0000-00-00 00:00:00', NULL, NULL, NULL, NULL, NULL, NULL, NULL, NULL),
(1168, '0000-00-00 00:00:00', NULL, NULL, NULL, NULL, NULL, NULL, NULL, NULL),
(1169, '0000-00-00 00:00:00', NULL, NULL, NULL, NULL, NULL, NULL, NULL, NULL),
(1170, '0000-00-00 00:00:00', NULL, NULL, NULL, NULL, NULL, NULL, NULL, NULL),
(1171, '0000-00-00 00:00:00', NULL, NULL, NULL, NULL, NULL, NULL, NULL, NULL),
(1172, '0000-00-00 00:00:00', NULL, NULL, NULL, NULL, NULL, NULL, NULL, NULL),
(1173, '0000-00-00 00:00:00', NULL, NULL, NULL, NULL, NULL, NULL, NULL, NULL),
(1174, '0000-00-00 00:00:00', NULL, NULL, NULL, NULL, NULL, NULL, NULL, NULL),
(1175, '0000-00-00 00:00:00', NULL, NULL, NULL, NULL, NULL, NULL, NULL, NULL),
(1176, '0000-00-00 00:00:00', NULL, NULL, NULL, NULL, NULL, NULL, NULL, NULL),
(1177, '0000-00-00 00:00:00', NULL, NULL, NULL, NULL, NULL, NULL, NULL, NULL),
(1178, '0000-00-00 00:00:00', NULL, NULL, NULL, NULL, NULL, NULL, NULL, NULL),
(1179, '0000-00-00 00:00:00', NULL, NULL, NULL, NULL, NULL, NULL, NULL, NULL),
(1180, '0000-00-00 00:00:00', NULL, NULL, NULL, NULL, NULL, NULL, NULL, NULL),
(1181, '0000-00-00 00:00:00', NULL, NULL, NULL, NULL, NULL, NULL, NULL, NULL),
(1182, '0000-00-00 00:00:00', NULL, NULL, NULL, NULL, NULL, NULL, NULL, NULL),
(1183, '0000-00-00 00:00:00', NULL, NULL, NULL, NULL, NULL, NULL, NULL, NULL),
(1184, '0000-00-00 00:00:00', NULL, NULL, NULL, NULL, NULL, NULL, NULL, NULL),
(1185, '0000-00-00 00:00:00', NULL, NULL, NULL, NULL, NULL, NULL, NULL, NULL),
(1186, '0000-00-00 00:00:00', NULL, NULL, NULL, NULL, NULL, NULL, NULL, NULL),
(1187, '0000-00-00 00:00:00', NULL, NULL, NULL, NULL, NULL, NULL, NULL, NULL),
(1188, '0000-00-00 00:00:00', NULL, NULL, NULL, NULL, NULL, NULL, NULL, NULL),
(1189, '0000-00-00 00:00:00', NULL, NULL, NULL, NULL, NULL, NULL, NULL, NULL),
(1190, '0000-00-00 00:00:00', NULL, NULL, NULL, NULL, NULL, NULL, NULL, NULL),
(1191, '0000-00-00 00:00:00', NULL, NULL, NULL, NULL, NULL, NULL, NULL, NULL),
(1192, '0000-00-00 00:00:00', NULL, NULL, NULL, NULL, NULL, NULL, NULL, NULL),
(1193, '0000-00-00 00:00:00', NULL, NULL, NULL, NULL, NULL, NULL, NULL, NULL),
(1194, '0000-00-00 00:00:00', NULL, NULL, NULL, NULL, NULL, NULL, NULL, NULL),
(1195, '0000-00-00 00:00:00', NULL, NULL, NULL, NULL, NULL, NULL, NULL, NULL),
(1196, '0000-00-00 00:00:00', NULL, NULL, NULL, NULL, NULL, NULL, NULL, NULL),
(1197, '0000-00-00 00:00:00', NULL, NULL, NULL, NULL, NULL, NULL, NULL, NULL),
(1198, '0000-00-00 00:00:00', NULL, NULL, NULL, NULL, NULL, NULL, NULL, NULL),
(1199, '0000-00-00 00:00:00', NULL, NULL, NULL, NULL, NULL, NULL, NULL, NULL),
(1200, '0000-00-00 00:00:00', NULL, NULL, NULL, NULL, NULL, NULL, NULL, NULL),
(1201, '0000-00-00 00:00:00', NULL, NULL, NULL, NULL, NULL, NULL, NULL, NULL),
(1202, '0000-00-00 00:00:00', NULL, NULL, NULL, NULL, NULL, NULL, NULL, NULL),
(1203, '0000-00-00 00:00:00', NULL, NULL, NULL, NULL, NULL, NULL, NULL, NULL),
(1204, '0000-00-00 00:00:00', NULL, NULL, NULL, NULL, NULL, NULL, NULL, NULL),
(1205, '0000-00-00 00:00:00', NULL, NULL, NULL, NULL, NULL, NULL, NULL, NULL),
(1206, '0000-00-00 00:00:00', NULL, NULL, NULL, NULL, NULL, NULL, NULL, NULL),
(1207, '0000-00-00 00:00:00', NULL, NULL, NULL, NULL, NULL, NULL, NULL, NULL),
(1208, '0000-00-00 00:00:00', NULL, NULL, NULL, NULL, NULL, NULL, NULL, NULL),
(1209, '0000-00-00 00:00:00', NULL, NULL, NULL, NULL, NULL, NULL, NULL, NULL),
(1210, '0000-00-00 00:00:00', NULL, NULL, NULL, NULL, NULL, NULL, NULL, NULL),
(1211, '0000-00-00 00:00:00', NULL, NULL, NULL, NULL, NULL, NULL, NULL, NULL),
(1212, '0000-00-00 00:00:00', NULL, NULL, NULL, NULL, NULL, NULL, NULL, NULL),
(1213, '0000-00-00 00:00:00', NULL, NULL, NULL, NULL, NULL, NULL, NULL, NULL),
(1214, '0000-00-00 00:00:00', NULL, NULL, NULL, NULL, NULL, NULL, NULL, NULL),
(1215, '0000-00-00 00:00:00', NULL, NULL, NULL, NULL, NULL, NULL, NULL, NULL),
(1216, '0000-00-00 00:00:00', NULL, NULL, NULL, NULL, NULL, NULL, NULL, NULL),
(1217, '0000-00-00 00:00:00', NULL, NULL, NULL, NULL, NULL, NULL, NULL, NULL),
(1218, '0000-00-00 00:00:00', NULL, NULL, NULL, NULL, NULL, NULL, NULL, NULL),
(1219, '0000-00-00 00:00:00', NULL, NULL, NULL, NULL, NULL, NULL, NULL, NULL),
(1220, '0000-00-00 00:00:00', NULL, NULL, NULL, NULL, NULL, NULL, NULL, NULL),
(1221, '0000-00-00 00:00:00', NULL, NULL, NULL, NULL, NULL, NULL, NULL, NULL),
(1222, '0000-00-00 00:00:00', NULL, NULL, NULL, NULL, NULL, NULL, NULL, NULL),
(1223, '0000-00-00 00:00:00', NULL, NULL, NULL, NULL, NULL, NULL, NULL, NULL),
(1224, '0000-00-00 00:00:00', NULL, NULL, NULL, NULL, NULL, NULL, NULL, NULL),
(1225, '0000-00-00 00:00:00', NULL, NULL, NULL, NULL, NULL, NULL, NULL, NULL),
(1226, '0000-00-00 00:00:00', NULL, NULL, NULL, NULL, NULL, NULL, NULL, NULL),
(1227, '0000-00-00 00:00:00', NULL, NULL, NULL, NULL, NULL, NULL, NULL, NULL),
(1228, '0000-00-00 00:00:00', NULL, NULL, NULL, NULL, NULL, NULL, NULL, NULL),
(1229, '0000-00-00 00:00:00', NULL, NULL, NULL, NULL, NULL, NULL, NULL, NULL),
(1230, '0000-00-00 00:00:00', NULL, NULL, NULL, NULL, NULL, NULL, NULL, NULL),
(1231, '0000-00-00 00:00:00', NULL, NULL, NULL, NULL, NULL, NULL, NULL, NULL),
(1232, '0000-00-00 00:00:00', NULL, NULL, NULL, NULL, NULL, NULL, NULL, NULL),
(1233, '0000-00-00 00:00:00', NULL, NULL, NULL, NULL, NULL, NULL, NULL, NULL),
(1234, '0000-00-00 00:00:00', NULL, NULL, NULL, NULL, NULL, NULL, NULL, NULL),
(1235, '0000-00-00 00:00:00', NULL, NULL, NULL, NULL, NULL, NULL, NULL, NULL),
(1236, '0000-00-00 00:00:00', NULL, NULL, NULL, NULL, NULL, NULL, NULL, NULL),
(1237, '0000-00-00 00:00:00', NULL, NULL, NULL, NULL, NULL, NULL, NULL, NULL),
(1238, '0000-00-00 00:00:00', NULL, NULL, NULL, NULL, NULL, NULL, NULL, NULL),
(1239, '0000-00-00 00:00:00', NULL, NULL, NULL, NULL, NULL, NULL, NULL, NULL),
(1240, '0000-00-00 00:00:00', NULL, NULL, NULL, NULL, NULL, NULL, NULL, NULL),
(1241, '0000-00-00 00:00:00', NULL, NULL, NULL, NULL, NULL, NULL, NULL, NULL),
(1242, '0000-00-00 00:00:00', NULL, NULL, NULL, NULL, NULL, NULL, NULL, NULL),
(1243, '0000-00-00 00:00:00', NULL, NULL, NULL, NULL, NULL, NULL, NULL, NULL),
(1244, '0000-00-00 00:00:00', NULL, NULL, NULL, NULL, NULL, NULL, NULL, NULL),
(1245, '0000-00-00 00:00:00', NULL, NULL, NULL, NULL, NULL, NULL, NULL, NULL),
(1246, '0000-00-00 00:00:00', NULL, NULL, NULL, NULL, NULL, NULL, NULL, NULL),
(1247, '0000-00-00 00:00:00', NULL, NULL, NULL, NULL, NULL, NULL, NULL, NULL),
(1248, '0000-00-00 00:00:00', NULL, NULL, NULL, NULL, NULL, NULL, NULL, NULL),
(1249, '0000-00-00 00:00:00', NULL, NULL, NULL, NULL, NULL, NULL, NULL, NULL),
(1250, '0000-00-00 00:00:00', NULL, NULL, NULL, NULL, NULL, NULL, NULL, NULL),
(1251, '0000-00-00 00:00:00', NULL, NULL, NULL, NULL, NULL, NULL, NULL, NULL),
(1252, '0000-00-00 00:00:00', NULL, NULL, NULL, NULL, NULL, NULL, NULL, NULL),
(1253, '0000-00-00 00:00:00', NULL, NULL, NULL, NULL, NULL, NULL, NULL, NULL),
(1254, '0000-00-00 00:00:00', NULL, NULL, NULL, NULL, NULL, NULL, NULL, NULL),
(1255, '0000-00-00 00:00:00', NULL, NULL, NULL, NULL, NULL, NULL, NULL, NULL),
(1256, '0000-00-00 00:00:00', NULL, NULL, NULL, NULL, NULL, NULL, NULL, NULL),
(1257, '0000-00-00 00:00:00', NULL, NULL, NULL, NULL, NULL, NULL, NULL, NULL),
(1258, '0000-00-00 00:00:00', NULL, NULL, NULL, NULL, NULL, NULL, NULL, NULL),
(1259, '0000-00-00 00:00:00', NULL, NULL, NULL, NULL, NULL, NULL, NULL, NULL),
(1260, '0000-00-00 00:00:00', NULL, NULL, NULL, NULL, NULL, NULL, NULL, NULL),
(1261, '0000-00-00 00:00:00', NULL, NULL, NULL, NULL, NULL, NULL, NULL, NULL),
(1262, '0000-00-00 00:00:00', NULL, NULL, NULL, NULL, NULL, NULL, NULL, NULL),
(1263, '0000-00-00 00:00:00', NULL, NULL, NULL, NULL, NULL, NULL, NULL, NULL),
(1264, '0000-00-00 00:00:00', NULL, NULL, NULL, NULL, NULL, NULL, NULL, NULL),
(1265, '0000-00-00 00:00:00', NULL, NULL, NULL, NULL, NULL, NULL, NULL, NULL),
(1266, '0000-00-00 00:00:00', NULL, NULL, NULL, NULL, NULL, NULL, NULL, NULL),
(1267, '0000-00-00 00:00:00', NULL, NULL, NULL, NULL, NULL, NULL, NULL, NULL),
(1268, '0000-00-00 00:00:00', NULL, NULL, NULL, NULL, NULL, NULL, NULL, NULL),
(1269, '0000-00-00 00:00:00', NULL, NULL, NULL, NULL, NULL, NULL, NULL, NULL),
(1270, '0000-00-00 00:00:00', NULL, NULL, NULL, NULL, NULL, NULL, NULL, NULL),
(1271, '0000-00-00 00:00:00', NULL, NULL, NULL, NULL, NULL, NULL, NULL, NULL),
(1272, '0000-00-00 00:00:00', NULL, NULL, NULL, NULL, NULL, NULL, NULL, NULL),
(1273, '0000-00-00 00:00:00', NULL, NULL, NULL, NULL, NULL, NULL, NULL, NULL),
(1274, '0000-00-00 00:00:00', NULL, NULL, NULL, NULL, NULL, NULL, NULL, NULL),
(1275, '0000-00-00 00:00:00', NULL, NULL, NULL, NULL, NULL, NULL, NULL, NULL),
(1276, '0000-00-00 00:00:00', NULL, NULL, NULL, NULL, NULL, NULL, NULL, NULL),
(1277, '0000-00-00 00:00:00', NULL, NULL, NULL, NULL, NULL, NULL, NULL, NULL),
(1278, '0000-00-00 00:00:00', NULL, NULL, NULL, NULL, NULL, NULL, NULL, NULL),
(1279, '0000-00-00 00:00:00', NULL, NULL, NULL, NULL, NULL, NULL, NULL, NULL),
(1280, '0000-00-00 00:00:00', NULL, NULL, NULL, NULL, NULL, NULL, NULL, NULL),
(1281, '0000-00-00 00:00:00', NULL, NULL, NULL, NULL, NULL, NULL, NULL, NULL),
(1282, '0000-00-00 00:00:00', NULL, NULL, NULL, NULL, NULL, NULL, NULL, NULL),
(1283, '0000-00-00 00:00:00', NULL, NULL, NULL, NULL, NULL, NULL, NULL, NULL),
(1284, '0000-00-00 00:00:00', NULL, NULL, NULL, NULL, NULL, NULL, NULL, NULL),
(1285, '0000-00-00 00:00:00', NULL, NULL, NULL, NULL, NULL, NULL, NULL, NULL),
(1286, '0000-00-00 00:00:00', NULL, NULL, NULL, NULL, NULL, NULL, NULL, NULL),
(1287, '0000-00-00 00:00:00', NULL, NULL, NULL, NULL, NULL, NULL, NULL, NULL),
(1288, '0000-00-00 00:00:00', NULL, NULL, NULL, NULL, NULL, NULL, NULL, NULL),
(1289, '0000-00-00 00:00:00', NULL, NULL, NULL, NULL, NULL, NULL, NULL, NULL),
(1290, '0000-00-00 00:00:00', NULL, NULL, NULL, NULL, NULL, NULL, NULL, NULL),
(1291, '0000-00-00 00:00:00', NULL, NULL, NULL, NULL, NULL, NULL, NULL, NULL),
(1292, '0000-00-00 00:00:00', NULL, NULL, NULL, NULL, NULL, NULL, NULL, NULL),
(1293, '0000-00-00 00:00:00', NULL, NULL, NULL, NULL, NULL, NULL, NULL, NULL),
(1294, '0000-00-00 00:00:00', NULL, NULL, NULL, NULL, NULL, NULL, NULL, NULL),
(1295, '0000-00-00 00:00:00', NULL, NULL, NULL, NULL, NULL, NULL, NULL, NULL),
(1296, '0000-00-00 00:00:00', NULL, NULL, NULL, NULL, NULL, NULL, NULL, NULL),
(1297, '0000-00-00 00:00:00', NULL, NULL, NULL, NULL, NULL, NULL, NULL, NULL),
(1298, '0000-00-00 00:00:00', NULL, NULL, NULL, NULL, NULL, NULL, NULL, NULL),
(1299, '0000-00-00 00:00:00', NULL, NULL, NULL, NULL, NULL, NULL, NULL, NULL),
(1300, '0000-00-00 00:00:00', NULL, NULL, NULL, NULL, NULL, NULL, NULL, NULL),
(1301, '0000-00-00 00:00:00', NULL, NULL, NULL, NULL, NULL, NULL, NULL, NULL),
(1302, '0000-00-00 00:00:00', NULL, NULL, NULL, NULL, NULL, NULL, NULL, NULL),
(1303, '0000-00-00 00:00:00', NULL, NULL, NULL, NULL, NULL, NULL, NULL, NULL),
(1304, '0000-00-00 00:00:00', NULL, NULL, NULL, NULL, NULL, NULL, NULL, NULL),
(1305, '0000-00-00 00:00:00', NULL, NULL, NULL, NULL, NULL, NULL, NULL, NULL),
(1306, '0000-00-00 00:00:00', NULL, NULL, NULL, NULL, NULL, NULL, NULL, NULL),
(1307, '0000-00-00 00:00:00', NULL, NULL, NULL, NULL, NULL, NULL, NULL, NULL),
(1308, '0000-00-00 00:00:00', NULL, NULL, NULL, NULL, NULL, NULL, NULL, NULL),
(1309, '0000-00-00 00:00:00', NULL, NULL, NULL, NULL, NULL, NULL, NULL, NULL);
INSERT INTO `t_00audit_trail` (`id`, `datetime`, `script`, `user`, `action`, `table`, `field`, `keyvalue`, `oldvalue`, `newvalue`) VALUES
(1310, '0000-00-00 00:00:00', NULL, NULL, NULL, NULL, NULL, NULL, NULL, NULL),
(1311, '0000-00-00 00:00:00', NULL, NULL, NULL, NULL, NULL, NULL, NULL, NULL),
(1312, '0000-00-00 00:00:00', NULL, NULL, NULL, NULL, NULL, NULL, NULL, NULL),
(1313, '0000-00-00 00:00:00', NULL, NULL, NULL, NULL, NULL, NULL, NULL, NULL),
(1314, '0000-00-00 00:00:00', NULL, NULL, NULL, NULL, NULL, NULL, NULL, NULL),
(1315, '0000-00-00 00:00:00', NULL, NULL, NULL, NULL, NULL, NULL, NULL, NULL),
(1316, '0000-00-00 00:00:00', NULL, NULL, NULL, NULL, NULL, NULL, NULL, NULL),
(1317, '0000-00-00 00:00:00', NULL, NULL, NULL, NULL, NULL, NULL, NULL, NULL),
(1318, '0000-00-00 00:00:00', NULL, NULL, NULL, NULL, NULL, NULL, NULL, NULL),
(1319, '0000-00-00 00:00:00', NULL, NULL, NULL, NULL, NULL, NULL, NULL, NULL),
(1320, '0000-00-00 00:00:00', NULL, NULL, NULL, NULL, NULL, NULL, NULL, NULL),
(1321, '0000-00-00 00:00:00', NULL, NULL, NULL, NULL, NULL, NULL, NULL, NULL),
(1322, '0000-00-00 00:00:00', NULL, NULL, NULL, NULL, NULL, NULL, NULL, NULL),
(1323, '0000-00-00 00:00:00', NULL, NULL, NULL, NULL, NULL, NULL, NULL, NULL),
(1324, '0000-00-00 00:00:00', NULL, NULL, NULL, NULL, NULL, NULL, NULL, NULL),
(1325, '0000-00-00 00:00:00', NULL, NULL, NULL, NULL, NULL, NULL, NULL, NULL),
(1326, '0000-00-00 00:00:00', NULL, NULL, NULL, NULL, NULL, NULL, NULL, NULL),
(1327, '0000-00-00 00:00:00', NULL, NULL, NULL, NULL, NULL, NULL, NULL, NULL),
(1328, '0000-00-00 00:00:00', NULL, NULL, NULL, NULL, NULL, NULL, NULL, NULL),
(1329, '0000-00-00 00:00:00', NULL, NULL, NULL, NULL, NULL, NULL, NULL, NULL),
(1330, '0000-00-00 00:00:00', NULL, NULL, NULL, NULL, NULL, NULL, NULL, NULL),
(1331, '0000-00-00 00:00:00', NULL, NULL, NULL, NULL, NULL, NULL, NULL, NULL),
(1332, '0000-00-00 00:00:00', NULL, NULL, NULL, NULL, NULL, NULL, NULL, NULL),
(1333, '0000-00-00 00:00:00', NULL, NULL, NULL, NULL, NULL, NULL, NULL, NULL),
(1334, '0000-00-00 00:00:00', NULL, NULL, NULL, NULL, NULL, NULL, NULL, NULL),
(1335, '0000-00-00 00:00:00', NULL, NULL, NULL, NULL, NULL, NULL, NULL, NULL),
(1336, '0000-00-00 00:00:00', NULL, NULL, NULL, NULL, NULL, NULL, NULL, NULL),
(1337, '0000-00-00 00:00:00', NULL, NULL, NULL, NULL, NULL, NULL, NULL, NULL),
(1338, '0000-00-00 00:00:00', NULL, NULL, NULL, NULL, NULL, NULL, NULL, NULL),
(1339, '0000-00-00 00:00:00', NULL, NULL, NULL, NULL, NULL, NULL, NULL, NULL),
(1340, '0000-00-00 00:00:00', NULL, NULL, NULL, NULL, NULL, NULL, NULL, NULL),
(1341, '0000-00-00 00:00:00', NULL, NULL, NULL, NULL, NULL, NULL, NULL, NULL),
(1342, '0000-00-00 00:00:00', NULL, NULL, NULL, NULL, NULL, NULL, NULL, NULL),
(1343, '0000-00-00 00:00:00', NULL, NULL, NULL, NULL, NULL, NULL, NULL, NULL),
(1344, '0000-00-00 00:00:00', NULL, NULL, NULL, NULL, NULL, NULL, NULL, NULL),
(1345, '0000-00-00 00:00:00', NULL, NULL, NULL, NULL, NULL, NULL, NULL, NULL),
(1346, '0000-00-00 00:00:00', NULL, NULL, NULL, NULL, NULL, NULL, NULL, NULL),
(1347, '0000-00-00 00:00:00', NULL, NULL, NULL, NULL, NULL, NULL, NULL, NULL),
(1348, '0000-00-00 00:00:00', NULL, NULL, NULL, NULL, NULL, NULL, NULL, NULL),
(1349, '0000-00-00 00:00:00', NULL, NULL, NULL, NULL, NULL, NULL, NULL, NULL),
(1350, '0000-00-00 00:00:00', NULL, NULL, NULL, NULL, NULL, NULL, NULL, NULL),
(1351, '0000-00-00 00:00:00', NULL, NULL, NULL, NULL, NULL, NULL, NULL, NULL),
(1352, '0000-00-00 00:00:00', NULL, NULL, NULL, NULL, NULL, NULL, NULL, NULL),
(1353, '0000-00-00 00:00:00', NULL, NULL, NULL, NULL, NULL, NULL, NULL, NULL),
(1354, '0000-00-00 00:00:00', NULL, NULL, NULL, NULL, NULL, NULL, NULL, NULL),
(1355, '0000-00-00 00:00:00', NULL, NULL, NULL, NULL, NULL, NULL, NULL, NULL),
(1356, '0000-00-00 00:00:00', NULL, NULL, NULL, NULL, NULL, NULL, NULL, NULL),
(1357, '0000-00-00 00:00:00', NULL, NULL, NULL, NULL, NULL, NULL, NULL, NULL),
(1358, '0000-00-00 00:00:00', NULL, NULL, NULL, NULL, NULL, NULL, NULL, NULL),
(1359, '0000-00-00 00:00:00', NULL, NULL, NULL, NULL, NULL, NULL, NULL, NULL),
(1360, '0000-00-00 00:00:00', NULL, NULL, NULL, NULL, NULL, NULL, NULL, NULL),
(1361, '0000-00-00 00:00:00', NULL, NULL, NULL, NULL, NULL, NULL, NULL, NULL),
(1362, '0000-00-00 00:00:00', NULL, NULL, NULL, NULL, NULL, NULL, NULL, NULL),
(1363, '0000-00-00 00:00:00', NULL, NULL, NULL, NULL, NULL, NULL, NULL, NULL),
(1364, '0000-00-00 00:00:00', NULL, NULL, NULL, NULL, NULL, NULL, NULL, NULL),
(1365, '0000-00-00 00:00:00', NULL, NULL, NULL, NULL, NULL, NULL, NULL, NULL),
(1366, '0000-00-00 00:00:00', NULL, NULL, NULL, NULL, NULL, NULL, NULL, NULL),
(1367, '0000-00-00 00:00:00', NULL, NULL, NULL, NULL, NULL, NULL, NULL, NULL),
(1368, '0000-00-00 00:00:00', NULL, NULL, NULL, NULL, NULL, NULL, NULL, NULL),
(1369, '0000-00-00 00:00:00', NULL, NULL, NULL, NULL, NULL, NULL, NULL, NULL),
(1370, '0000-00-00 00:00:00', NULL, NULL, NULL, NULL, NULL, NULL, NULL, NULL),
(1371, '0000-00-00 00:00:00', NULL, NULL, NULL, NULL, NULL, NULL, NULL, NULL),
(1372, '0000-00-00 00:00:00', NULL, NULL, NULL, NULL, NULL, NULL, NULL, NULL),
(1373, '0000-00-00 00:00:00', NULL, NULL, NULL, NULL, NULL, NULL, NULL, NULL),
(1374, '0000-00-00 00:00:00', NULL, NULL, NULL, NULL, NULL, NULL, NULL, NULL),
(1375, '0000-00-00 00:00:00', NULL, NULL, NULL, NULL, NULL, NULL, NULL, NULL),
(1376, '0000-00-00 00:00:00', NULL, NULL, NULL, NULL, NULL, NULL, NULL, NULL),
(1377, '0000-00-00 00:00:00', NULL, NULL, NULL, NULL, NULL, NULL, NULL, NULL),
(1378, '0000-00-00 00:00:00', NULL, NULL, NULL, NULL, NULL, NULL, NULL, NULL),
(1379, '0000-00-00 00:00:00', NULL, NULL, NULL, NULL, NULL, NULL, NULL, NULL),
(1380, '0000-00-00 00:00:00', NULL, NULL, NULL, NULL, NULL, NULL, NULL, NULL),
(1381, '0000-00-00 00:00:00', NULL, NULL, NULL, NULL, NULL, NULL, NULL, NULL),
(1382, '0000-00-00 00:00:00', NULL, NULL, NULL, NULL, NULL, NULL, NULL, NULL),
(1383, '0000-00-00 00:00:00', NULL, NULL, NULL, NULL, NULL, NULL, NULL, NULL),
(1384, '0000-00-00 00:00:00', NULL, NULL, NULL, NULL, NULL, NULL, NULL, NULL),
(1385, '0000-00-00 00:00:00', NULL, NULL, NULL, NULL, NULL, NULL, NULL, NULL),
(1386, '0000-00-00 00:00:00', NULL, NULL, NULL, NULL, NULL, NULL, NULL, NULL),
(1387, '0000-00-00 00:00:00', NULL, NULL, NULL, NULL, NULL, NULL, NULL, NULL),
(1388, '0000-00-00 00:00:00', NULL, NULL, NULL, NULL, NULL, NULL, NULL, NULL),
(1389, '0000-00-00 00:00:00', NULL, NULL, NULL, NULL, NULL, NULL, NULL, NULL),
(1390, '0000-00-00 00:00:00', NULL, NULL, NULL, NULL, NULL, NULL, NULL, NULL),
(1391, '0000-00-00 00:00:00', NULL, NULL, NULL, NULL, NULL, NULL, NULL, NULL),
(1392, '0000-00-00 00:00:00', NULL, NULL, NULL, NULL, NULL, NULL, NULL, NULL),
(1393, '0000-00-00 00:00:00', NULL, NULL, NULL, NULL, NULL, NULL, NULL, NULL),
(1394, '0000-00-00 00:00:00', NULL, NULL, NULL, NULL, NULL, NULL, NULL, NULL),
(1395, '0000-00-00 00:00:00', NULL, NULL, NULL, NULL, NULL, NULL, NULL, NULL),
(1396, '0000-00-00 00:00:00', NULL, NULL, NULL, NULL, NULL, NULL, NULL, NULL),
(1397, '0000-00-00 00:00:00', NULL, NULL, NULL, NULL, NULL, NULL, NULL, NULL),
(1398, '0000-00-00 00:00:00', NULL, NULL, NULL, NULL, NULL, NULL, NULL, NULL),
(1399, '0000-00-00 00:00:00', NULL, NULL, NULL, NULL, NULL, NULL, NULL, NULL),
(1400, '0000-00-00 00:00:00', NULL, NULL, NULL, NULL, NULL, NULL, NULL, NULL),
(1401, '0000-00-00 00:00:00', NULL, NULL, NULL, NULL, NULL, NULL, NULL, NULL),
(1402, '0000-00-00 00:00:00', NULL, NULL, NULL, NULL, NULL, NULL, NULL, NULL),
(1403, '0000-00-00 00:00:00', NULL, NULL, NULL, NULL, NULL, NULL, NULL, NULL),
(1404, '0000-00-00 00:00:00', NULL, NULL, NULL, NULL, NULL, NULL, NULL, NULL),
(1405, '0000-00-00 00:00:00', NULL, NULL, NULL, NULL, NULL, NULL, NULL, NULL),
(1406, '0000-00-00 00:00:00', NULL, NULL, NULL, NULL, NULL, NULL, NULL, NULL),
(1407, '0000-00-00 00:00:00', NULL, NULL, NULL, NULL, NULL, NULL, NULL, NULL),
(1408, '0000-00-00 00:00:00', NULL, NULL, NULL, NULL, NULL, NULL, NULL, NULL),
(1409, '0000-00-00 00:00:00', NULL, NULL, NULL, NULL, NULL, NULL, NULL, NULL),
(1410, '0000-00-00 00:00:00', NULL, NULL, NULL, NULL, NULL, NULL, NULL, NULL),
(1411, '0000-00-00 00:00:00', NULL, NULL, NULL, NULL, NULL, NULL, NULL, NULL),
(1412, '0000-00-00 00:00:00', NULL, NULL, NULL, NULL, NULL, NULL, NULL, NULL),
(1413, '0000-00-00 00:00:00', NULL, NULL, NULL, NULL, NULL, NULL, NULL, NULL),
(1414, '0000-00-00 00:00:00', NULL, NULL, NULL, NULL, NULL, NULL, NULL, NULL),
(1415, '0000-00-00 00:00:00', NULL, NULL, NULL, NULL, NULL, NULL, NULL, NULL),
(1416, '0000-00-00 00:00:00', NULL, NULL, NULL, NULL, NULL, NULL, NULL, NULL),
(1417, '0000-00-00 00:00:00', NULL, NULL, NULL, NULL, NULL, NULL, NULL, NULL),
(1418, '0000-00-00 00:00:00', NULL, NULL, NULL, NULL, NULL, NULL, NULL, NULL),
(1419, '0000-00-00 00:00:00', NULL, NULL, NULL, NULL, NULL, NULL, NULL, NULL),
(1420, '0000-00-00 00:00:00', NULL, NULL, NULL, NULL, NULL, NULL, NULL, NULL),
(1421, '0000-00-00 00:00:00', NULL, NULL, NULL, NULL, NULL, NULL, NULL, NULL),
(1422, '0000-00-00 00:00:00', NULL, NULL, NULL, NULL, NULL, NULL, NULL, NULL),
(1423, '0000-00-00 00:00:00', NULL, NULL, NULL, NULL, NULL, NULL, NULL, NULL),
(1424, '0000-00-00 00:00:00', NULL, NULL, NULL, NULL, NULL, NULL, NULL, NULL),
(1425, '0000-00-00 00:00:00', NULL, NULL, NULL, NULL, NULL, NULL, NULL, NULL),
(1426, '0000-00-00 00:00:00', NULL, NULL, NULL, NULL, NULL, NULL, NULL, NULL),
(1427, '0000-00-00 00:00:00', NULL, NULL, NULL, NULL, NULL, NULL, NULL, NULL),
(1428, '0000-00-00 00:00:00', NULL, NULL, NULL, NULL, NULL, NULL, NULL, NULL),
(1429, '0000-00-00 00:00:00', NULL, NULL, NULL, NULL, NULL, NULL, NULL, NULL),
(1430, '0000-00-00 00:00:00', NULL, NULL, NULL, NULL, NULL, NULL, NULL, NULL),
(1431, '0000-00-00 00:00:00', NULL, NULL, NULL, NULL, NULL, NULL, NULL, NULL),
(1432, '0000-00-00 00:00:00', NULL, NULL, NULL, NULL, NULL, NULL, NULL, NULL),
(1433, '0000-00-00 00:00:00', NULL, NULL, NULL, NULL, NULL, NULL, NULL, NULL),
(1434, '0000-00-00 00:00:00', NULL, NULL, NULL, NULL, NULL, NULL, NULL, NULL),
(1435, '0000-00-00 00:00:00', NULL, NULL, NULL, NULL, NULL, NULL, NULL, NULL),
(1436, '0000-00-00 00:00:00', NULL, NULL, NULL, NULL, NULL, NULL, NULL, NULL),
(1437, '0000-00-00 00:00:00', NULL, NULL, NULL, NULL, NULL, NULL, NULL, NULL),
(1438, '0000-00-00 00:00:00', NULL, NULL, NULL, NULL, NULL, NULL, NULL, NULL);

-- --------------------------------------------------------

--
-- Table structure for table `t_01vendor`
--

CREATE TABLE `t_01vendor` (
  `vendor_id` int(11) NOT NULL,
  `vendor_nama` varchar(100) NOT NULL
) ENGINE=InnoDB DEFAULT CHARSET=latin1 COMMENT='master vendor';

--
-- Dumping data for table `t_01vendor`
--

INSERT INTO `t_01vendor` (`vendor_id`, `vendor_nama`) VALUES
(2, 'Bojonegoro'),
(5, 'Hartono'),
(6, 'Indogrosir'),
(8, 'Knorr'),
(7, 'Miwon'),
(1, 'Nugraha Inti Mulia'),
(4, 'Samudra, Bojonegoro'),
(3, 'UD. Fahar Jaya');

-- --------------------------------------------------------

--
-- Table structure for table `t_02item`
--

CREATE TABLE `t_02item` (
  `item_id` int(11) NOT NULL,
  `item_nama` varchar(100) NOT NULL,
  `kat_id` int(11) NOT NULL,
  `sat_id` int(11) NOT NULL,
  `hrg_jual` float(14,2) NOT NULL DEFAULT '0.00'
) ENGINE=InnoDB DEFAULT CHARSET=latin1 COMMENT='master item';

--
-- Dumping data for table `t_02item`
--

INSERT INTO `t_02item` (`item_id`, `item_nama`, `kat_id`, `sat_id`, `hrg_jual`) VALUES
(1, 'OIL-Minyak Goreng *Bimoli (18 ltr)', 3, 1, 220000.00),
(2, 'RF-Beras Teratai @25 kg/zak', 0, 0, 0.00),
(3, 'RF-Tepung Beras RoseBrand @500 gr', 0, 0, 0.00),
(4, 'RF-Tepung Cakra Kembar', 0, 0, 0.00),
(5, 'RF-Tepung Ketan Putih @500 gr', 0, 0, 0.00),
(6, 'RF-Tepung Segitiga Biru', 0, 0, 0.00),
(7, 'RF-Tepung Tapioka Gunung Agung @500 gr', 0, 0, 0.00),
(8, 'SEASON Ajinomoto @1 kg', 0, 0, 0.00),
(9, 'SUGAR-Gula Lokal Kristal @50 kg', 0, 0, 0.00),
(10, 'ABC-Saos Tomat 6 Kg, SAUCE - Sauce ABC Tomato 5.7 Kg', 0, 0, 0.00),
(11, 'ABC-Saos Sambal 6 Kg, SAUCE - Sauce ABC Chilli 5.7 Kg', 0, 0, 0.00),
(12, 'ABC-Kecap Manis, GROC-Kecap ABC Manis', 0, 0, 0.00),
(13, 'RF-Tepung Roti Mamasuka', 0, 0, 0.00),
(14, 'SAUCE - Kokita Bumbu Inti', 0, 0, 0.00),
(15, 'SAUCE - Kokita Sambal Bajak Hot', 0, 0, 0.00),
(19, 'Coba Data', 0, 0, 0.00);

-- --------------------------------------------------------

--
-- Table structure for table `t_03satuan`
--

CREATE TABLE `t_03satuan` (
  `satuan_id` int(11) NOT NULL,
  `satuan_nama` varchar(50) NOT NULL
) ENGINE=InnoDB DEFAULT CHARSET=latin1 COMMENT='master satuan';

--
-- Dumping data for table `t_03satuan`
--

INSERT INTO `t_03satuan` (`satuan_id`, `satuan_nama`) VALUES
(1, 'Jar'),
(2, 'Kg'),
(3, 'Pack');

-- --------------------------------------------------------

--
-- Table structure for table `t_04beli`
--

CREATE TABLE `t_04beli` (
  `beli_id` int(11) NOT NULL,
  `tgl_beli` date DEFAULT NULL,
  `tgl_kirim` date DEFAULT NULL,
  `vendor_id` int(11) NOT NULL,
  `item_id` int(11) NOT NULL,
  `qty` float(14,2) NOT NULL,
  `satuan_id` int(11) NOT NULL,
  `harga` float(14,2) NOT NULL,
  `sub_total` float(14,2) NOT NULL,
  `tgl_dp` date DEFAULT NULL,
  `jml_dp` float(14,2) DEFAULT NULL,
  `tgl_lunas` date DEFAULT NULL,
  `jml_lunas` float(14,2) DEFAULT NULL,
  `dc_id` int(11) NOT NULL DEFAULT '0'
) ENGINE=InnoDB DEFAULT CHARSET=latin1 COMMENT='transaksi pembelian';

--
-- Dumping data for table `t_04beli`
--

INSERT INTO `t_04beli` (`beli_id`, `tgl_beli`, `tgl_kirim`, `vendor_id`, `item_id`, `qty`, `satuan_id`, `harga`, `sub_total`, `tgl_dp`, `jml_dp`, `tgl_lunas`, `jml_lunas`, `dc_id`) VALUES
(1, '2017-08-03', '2017-08-05', 1, 1, 30.00, 1, 218000.00, 6540000.00, NULL, NULL, '2017-08-03', 6540000.00, 1),
(2, '2017-08-03', '2017-08-05', 2, 2, 200.00, 2, 10700.00, 2140000.00, NULL, NULL, '2017-08-03', 2140000.00, 1),
(3, '2017-08-03', '2017-08-05', 2, 2, 300.00, 2, 10700.00, 3210000.00, NULL, NULL, '2017-08-03', 3210000.00, 1),
(4, '2017-08-03', '2017-08-03', 3, 3, 40.00, 3, 5250.00, 210000.00, NULL, NULL, '2017-08-03', 210000.00, 0),
(5, '2017-08-03', '2017-08-03', 3, 4, 200.00, 2, 6240.00, 1248000.00, NULL, NULL, '2017-08-03', 1248000.00, 0),
(6, '2017-08-03', '2017-08-03', 3, 5, 40.00, 3, 6800.00, 272000.00, NULL, NULL, '2017-08-03', 272000.00, 0),
(7, '2017-08-03', '2017-08-03', 3, 6, 100.00, 2, 6080.00, 608000.00, NULL, NULL, '2017-08-03', 608000.00, 0),
(8, '2017-08-03', '2017-08-03', 4, 7, 40.00, 3, 2900.00, 116000.00, NULL, NULL, '2017-08-03', 116000.00, 0),
(9, '2017-08-05', '2017-08-05', 1, 8, 24.00, 3, 30416.67, 729984.00, NULL, NULL, '2017-08-05', 729984.00, 0),
(10, '2017-08-03', '2017-08-03', 5, 9, 150.00, 2, 10760.00, 1614000.00, NULL, NULL, '2017-08-03', 1614000.00, 0),
(11, '2017-08-12', '2017-08-12', 6, 10, 4.00, 1, 70600.00, 282400.00, NULL, NULL, '2017-08-12', 282400.00, 0),
(12, '2017-08-14', '2017-08-14', 6, 11, 2.00, 1, 99500.00, 199000.00, NULL, NULL, '2017-08-14', 199000.00, 0),
(13, '2017-08-21', '2017-08-21', 6, 12, 6.00, 1, 99600.00, 597600.00, NULL, NULL, '2017-08-21', 597600.00, 0),
(14, '2017-09-05', '2017-09-05', 2, 2, 500.00, 2, 10800.00, 5400000.00, NULL, NULL, '2017-09-05', 5400000.00, 0),
(15, '2017-09-05', '2017-09-05', 7, 13, 6.00, 2, 49000.00, 294000.00, NULL, NULL, '2017-09-05', 294000.00, 0),
(16, '2017-09-05', '2017-09-05', 6, 11, 3.00, 1, 99000.00, 297000.00, NULL, NULL, '2017-09-05', 297000.00, 0),
(17, '2017-09-05', '2017-09-05', 6, 10, 1.00, 1, 70600.00, 70600.00, NULL, NULL, '2017-09-05', 70600.00, 0),
(18, '2017-09-05', '2017-09-05', 8, 14, 3.00, 1, 232800.00, 698400.00, NULL, NULL, '2017-09-05', 698400.00, 0),
(19, '2017-09-05', '2017-09-05', 8, 15, 3.00, 1, 242500.00, 727500.00, NULL, NULL, '2017-09-05', 727500.00, 0),
(20, '2017-09-06', '2017-09-06', 6, 12, 4.00, 1, 99600.00, 398400.00, NULL, NULL, '2017-09-06', 398400.00, 0),
(21, '2017-09-06', '2017-09-06', 6, 10, 5.00, 1, 70600.00, 353000.00, NULL, NULL, '2017-09-06', 353000.00, 0),
(22, '2017-09-06', '2017-09-06', 6, 11, 5.00, 1, 99000.00, 495000.00, NULL, NULL, '2017-09-06', 495000.00, 0),
(23, '2017-09-06', '2017-09-06', 1, 8, 24.00, 3, 30416.67, 729984.00, NULL, NULL, '2017-09-06', 729984.00, 0),
(24, '2017-09-07', '2017-09-07', 5, 9, 200.00, 2, 10060.00, 2012000.00, NULL, NULL, '2017-09-07', 2012000.00, 0),
(25, '2017-09-07', '2017-09-07', 5, 6, 250.00, 2, 5960.00, 1490000.00, NULL, NULL, '2017-09-07', 1490000.00, 0),
(26, '2017-09-07', '2017-09-07', 5, 4, 50.00, 2, 6240.00, 312000.00, NULL, NULL, '2017-09-07', 312000.00, 0),
(27, '2017-09-07', '2017-09-07', 5, 3, 20.00, 3, 5000.00, 100000.00, NULL, NULL, '2017-09-07', 100000.00, 0),
(28, '2017-09-07', '2017-09-07', 5, 5, 20.00, 3, 6650.00, 133000.00, NULL, NULL, '2017-09-07', 133000.00, 0),
(29, '2017-09-11', '2017-09-11', 5, 9, 100.00, 2, 10060.00, 1006000.00, NULL, NULL, '2017-09-11', 1006000.00, 0),
(30, '2017-09-11', '2017-09-11', 5, 4, 50.00, 2, 6240.00, 312000.00, NULL, NULL, '2017-09-11', 312000.00, 0),
(31, '2017-09-27', '2017-09-27', 2, 19, 20.00, 2, 2000.00, 40000.00, NULL, NULL, '2017-09-28', 40000.00, 0),
(32, '2017-09-28', '2017-09-28', 2, 19, 30.00, 2, 3000.00, 90000.00, NULL, NULL, '2017-09-28', 90000.00, 0),
(33, '2017-09-28', '2017-09-28', 2, 19, 40.00, 2, 4000.00, 160000.00, NULL, NULL, NULL, 160000.00, 0);

-- --------------------------------------------------------

--
-- Table structure for table `t_05customer`
--

CREATE TABLE `t_05customer` (
  `customer_id` int(11) NOT NULL,
  `customer_nama` varchar(100) NOT NULL,
  `item_nama_index` int(11) NOT NULL DEFAULT '1'
) ENGINE=InnoDB DEFAULT CHARSET=latin1 COMMENT='master customer';

--
-- Dumping data for table `t_05customer`
--

INSERT INTO `t_05customer` (`customer_id`, `customer_nama`, `item_nama_index`) VALUES
(1, 'Aston Bojonegoro City Hotel', 1),
(2, 'Favehotel Sudirman Bojonegoro', 1),
(3, 'CUSTCOBA', 1);

-- --------------------------------------------------------

--
-- Table structure for table `t_06jual`
--

CREATE TABLE `t_06jual` (
  `jual_id` int(11) NOT NULL,
  `no_po` varchar(50) DEFAULT NULL,
  `tgl` date DEFAULT NULL,
  `customer_id` int(11) DEFAULT NULL,
  `total` float(14,2) DEFAULT NULL,
  `inv_no` varchar(50) DEFAULT NULL,
  `inv_tgl` date DEFAULT NULL,
  `inv_jml` float(14,2) DEFAULT NULL,
  `bayar_tgl` date DEFAULT NULL,
  `bayar_jml` float(14,2) DEFAULT NULL
) ENGINE=InnoDB DEFAULT CHARSET=latin1 COMMENT='transaksi penjualan (head)';

--
-- Dumping data for table `t_06jual`
--

INSERT INTO `t_06jual` (`jual_id`, `no_po`, `tgl`, `customer_id`, `total`, `inv_no`, `inv_tgl`, `inv_jml`, `bayar_tgl`, `bayar_jml`) VALUES
(1, 'P170802011', '2017-08-02', 1, 14310700.00, NULL, NULL, NULL, '2017-09-13', 14310700.00),
(2, 'P170822005', '2017-08-22', 1, 1860000.00, NULL, NULL, NULL, NULL, NULL),
(3, 'P17090404003', '2017-09-06', 1, 10282500.00, NULL, NULL, NULL, NULL, NULL),
(6, 'P170906005', '2017-09-06', 2, 2859200.00, NULL, NULL, NULL, NULL, NULL),
(7, 'POCOBA', '2017-09-28', 3, 3790000.00, 'INVCOBA', '2017-11-15', NULL, NULL, NULL);

-- --------------------------------------------------------

--
-- Table structure for table `t_07jual_detail`
--

CREATE TABLE `t_07jual_detail` (
  `jual_detail_id` int(11) NOT NULL,
  `jual_id` int(11) DEFAULT NULL,
  `tgl_kirim` date DEFAULT NULL,
  `item_id` int(11) DEFAULT NULL,
  `qty` float(14,2) DEFAULT NULL,
  `satuan_id` int(11) DEFAULT NULL,
  `harga` float(14,2) DEFAULT NULL,
  `sub_total` float(14,2) DEFAULT NULL
) ENGINE=InnoDB DEFAULT CHARSET=latin1 COMMENT='transaksi penjualan (detail)';

--
-- Dumping data for table `t_07jual_detail`
--

INSERT INTO `t_07jual_detail` (`jual_detail_id`, `jual_id`, `tgl_kirim`, `item_id`, `qty`, `satuan_id`, `harga`, `sub_total`) VALUES
(1, 1, '2017-08-08', 1, 15.00, 1, 220000.00, 3300000.00),
(2, 1, '2017-08-04', 2, 200.00, 2, 11200.00, 2240000.00),
(3, 1, '2017-08-04', 2, 300.00, 2, 11200.00, 3360000.00),
(4, 1, '2017-08-08', 3, 40.00, 3, 6100.00, 244000.00),
(5, 1, '2017-08-08', 4, 200.00, 2, 7100.00, 1420000.00),
(6, 1, '2017-08-08', 5, 40.00, 3, 7500.00, 300000.00),
(7, 1, '2017-08-08', 6, 100.00, 2, 6900.00, 690000.00),
(8, 1, '2017-08-08', 7, 40.00, 3, 3750.00, 150000.00),
(9, 1, '2017-08-08', 8, 24.00, 3, 32050.00, 769200.00),
(10, 1, '2017-08-08', 9, 150.00, 2, 12250.00, 1837500.00),
(11, 2, '2017-08-08', 13, 6.00, 2, 60000.00, 360000.00),
(12, 2, '2017-08-08', 14, 3.00, 1, 245000.00, 735000.00),
(13, 2, '2017-08-08', 15, 3.00, 1, 255000.00, 765000.00),
(14, 3, '2017-09-08', 12, 5.00, 1, 103000.00, 515000.00),
(15, 3, '2017-09-07', 2, 500.00, 2, 11200.00, 5600000.00),
(16, 3, '2017-09-08', 6, 200.00, 2, 6900.00, 1380000.00),
(17, 3, '2017-09-08', 7, 20.00, 2, 3750.00, 75000.00),
(18, 3, '2017-09-08', 11, 5.00, 1, 102000.00, 510000.00),
(19, 3, '2017-09-08', 10, 5.00, 1, 73000.00, 365000.00),
(20, 3, '2017-09-08', 9, 150.00, 2, 12250.00, 1837500.00),
(21, 6, '2017-09-07', 11, 5.00, 1, 102000.00, 510000.00),
(22, 6, '2017-09-07', 12, 5.00, 1, 103000.00, 515000.00),
(23, 6, '2017-09-07', 10, 5.00, 1, 73000.00, 365000.00),
(24, 6, '2017-09-07', 6, 50.00, 2, 6900.00, 345000.00),
(25, 6, '2017-09-07', 4, 50.00, 2, 7100.00, 355000.00),
(26, 6, '2017-09-07', 8, 24.00, 2, 32050.00, 769200.00),
(27, 7, '2017-09-30', 19, 75.00, 2, 30000.00, 2250000.00),
(28, 7, '2017-10-27', 1, 7.00, 1, 220000.00, 1540000.00);

-- --------------------------------------------------------

--
-- Table structure for table `t_08item_saldo`
--

CREATE TABLE `t_08item_saldo` (
  `sld_id` int(11) NOT NULL,
  `item_id` int(11) NOT NULL,
  `tgl` date NOT NULL,
  `qty` float(14,2) NOT NULL DEFAULT '0.00',
  `harga` float(14,2) NOT NULL DEFAULT '0.00'
) ENGINE=InnoDB DEFAULT CHARSET=latin1 COMMENT='master saldo awal item';

--
-- Dumping data for table `t_08item_saldo`
--

INSERT INTO `t_08item_saldo` (`sld_id`, `item_id`, `tgl`, `qty`, `harga`) VALUES
(1, 12, '2017-08-01', 0.00, 0.00),
(2, 11, '2017-08-01', 0.00, 0.00),
(3, 10, '2017-08-01', 0.00, 0.00),
(5, 1, '2017-08-01', 0.00, 0.00),
(6, 2, '2017-08-01', 0.00, 0.00),
(7, 3, '2017-08-01', 0.00, 0.00),
(8, 4, '2017-08-01', 0.00, 0.00),
(9, 5, '2017-08-01', 0.00, 0.00),
(10, 13, '2017-08-01', 0.00, 0.00),
(11, 6, '2017-08-01', 0.00, 0.00),
(12, 7, '2017-08-01', 0.00, 0.00),
(13, 14, '2017-08-01', 0.00, 0.00),
(14, 15, '2017-08-01', 0.00, 0.00),
(17, 8, '2017-08-01', 0.00, 0.00),
(18, 9, '2017-08-01', 0.00, 0.00),
(32, 19, '2017-08-01', 10.00, 1000.00);

-- --------------------------------------------------------

--
-- Table structure for table `t_09nilai_stok`
--

CREATE TABLE `t_09nilai_stok` (
  `id` int(11) NOT NULL,
  `item_id` int(11) NOT NULL,
  `item_nama` varchar(100) NOT NULL,
  `tgl` varchar(10) NOT NULL,
  `in_qty` float(14,2) NOT NULL DEFAULT '0.00',
  `in_harga` float(14,2) NOT NULL DEFAULT '0.00',
  `in_sub_total` float(14,2) NOT NULL DEFAULT '0.00',
  `out_qty` float(14,2) NOT NULL DEFAULT '0.00',
  `out_harga` float(14,2) NOT NULL DEFAULT '0.00',
  `out_sub_total` float(14,2) NOT NULL DEFAULT '0.00',
  `saldo_qty` float(14,2) NOT NULL DEFAULT '0.00',
  `saldo_harga` float(14,2) NOT NULL DEFAULT '0.00',
  `saldo_sub_total` float(14,2) NOT NULL DEFAULT '0.00',
  `jenis` varchar(1) NOT NULL,
  `detail_id` int(11) NOT NULL
) ENGINE=InnoDB DEFAULT CHARSET=latin1 COMMENT='temporary laporan nilai stok';

--
-- Dumping data for table `t_09nilai_stok`
--

INSERT INTO `t_09nilai_stok` (`id`, `item_id`, `item_nama`, `tgl`, `in_qty`, `in_harga`, `in_sub_total`, `out_qty`, `out_harga`, `out_sub_total`, `saldo_qty`, `saldo_harga`, `saldo_sub_total`, `jenis`, `detail_id`) VALUES
(1, 1, 'OIL-Minyak Goreng *Bimoli (18 ltr)', '2017-08-01', 0.00, 0.00, 0.00, 0.00, 0.00, 0.00, 0.00, 0.00, 0.00, 'M', 0),
(2, 1, 'OIL-Minyak Goreng *Bimoli (18 ltr)', '2017-08-03', 30.00, 218000.00, 6540000.00, 0.00, 0.00, 0.00, 30.00, 218000.00, 6540000.00, 'M', 1),
(3, 1, 'OIL-Minyak Goreng *Bimoli (18 ltr)', '2017-08-08', 0.00, 0.00, 0.00, 15.00, 218000.00, 3270000.00, 15.00, 218000.00, 3270000.00, 'K', 2),
(4, 1, 'OIL-Minyak Goreng *Bimoli (18 ltr)', '2017-10-27', 0.00, 0.00, 0.00, 7.00, 218000.00, 1526000.00, 8.00, 218000.00, 1744000.00, 'K', 3),
(5, 2, 'RF-Beras Teratai @25 kg/zak', '2017-08-01', 0.00, 0.00, 0.00, 0.00, 0.00, 0.00, 0.00, 0.00, 0.00, 'M', 4),
(6, 2, 'RF-Beras Teratai @25 kg/zak', '2017-08-03', 200.00, 10700.00, 2140000.00, 0.00, 0.00, 0.00, 200.00, 10700.00, 2140000.00, 'M', 5),
(7, 2, 'RF-Beras Teratai @25 kg/zak', '2017-08-03', 300.00, 10700.00, 3210000.00, 0.00, 0.00, 0.00, 500.00, 10700.00, 5350000.00, 'M', 6),
(8, 2, 'RF-Beras Teratai @25 kg/zak', '2017-08-04', 0.00, 0.00, 0.00, 200.00, 10700.00, 2140000.00, 300.00, 10700.00, 3210000.00, 'K', 7),
(9, 2, 'RF-Beras Teratai @25 kg/zak', '2017-08-04', 0.00, 0.00, 0.00, 300.00, 10700.00, 3210000.00, 0.00, 10700.00, 0.00, 'K', 8),
(10, 2, 'RF-Beras Teratai @25 kg/zak', '2017-09-05', 500.00, 10800.00, 5400000.00, 0.00, 0.00, 0.00, 500.00, 10800.00, 5400000.00, 'M', 9),
(11, 2, 'RF-Beras Teratai @25 kg/zak', '2017-09-07', 0.00, 0.00, 0.00, 500.00, 10800.00, 5400000.00, 0.00, 10800.00, 0.00, 'K', 10),
(12, 3, 'RF-Tepung Beras RoseBrand @500 gr', '2017-08-01', 0.00, 0.00, 0.00, 0.00, 0.00, 0.00, 0.00, 0.00, 0.00, 'M', 11),
(13, 3, 'RF-Tepung Beras RoseBrand @500 gr', '2017-08-03', 40.00, 5250.00, 210000.00, 0.00, 0.00, 0.00, 40.00, 5250.00, 210000.00, 'M', 12),
(14, 3, 'RF-Tepung Beras RoseBrand @500 gr', '2017-08-08', 0.00, 0.00, 0.00, 40.00, 5250.00, 210000.00, 0.00, 5250.00, 0.00, 'K', 13),
(15, 3, 'RF-Tepung Beras RoseBrand @500 gr', '2017-09-07', 20.00, 5000.00, 100000.00, 0.00, 0.00, 0.00, 20.00, 5000.00, 100000.00, 'M', 14),
(16, 4, 'RF-Tepung Cakra Kembar', '2017-08-01', 0.00, 0.00, 0.00, 0.00, 0.00, 0.00, 0.00, 0.00, 0.00, 'M', 15),
(17, 4, 'RF-Tepung Cakra Kembar', '2017-08-03', 200.00, 6240.00, 1248000.00, 0.00, 0.00, 0.00, 200.00, 6240.00, 1248000.00, 'M', 16),
(18, 4, 'RF-Tepung Cakra Kembar', '2017-08-08', 0.00, 0.00, 0.00, 200.00, 6240.00, 1248000.00, 0.00, 6240.00, 0.00, 'K', 17),
(19, 4, 'RF-Tepung Cakra Kembar', '2017-09-07', 50.00, 6240.00, 312000.00, 0.00, 0.00, 0.00, 50.00, 6240.00, 312000.00, 'M', 18),
(20, 4, 'RF-Tepung Cakra Kembar', '2017-09-07', 0.00, 0.00, 0.00, 50.00, 6240.00, 312000.00, 0.00, 6240.00, 0.00, 'K', 19),
(21, 4, 'RF-Tepung Cakra Kembar', '2017-09-11', 50.00, 6240.00, 312000.00, 0.00, 0.00, 0.00, 50.00, 6240.00, 312000.00, 'M', 20),
(22, 5, 'RF-Tepung Ketan Putih @500 gr', '2017-08-01', 0.00, 0.00, 0.00, 0.00, 0.00, 0.00, 0.00, 0.00, 0.00, 'M', 21),
(23, 5, 'RF-Tepung Ketan Putih @500 gr', '2017-08-03', 40.00, 6800.00, 272000.00, 0.00, 0.00, 0.00, 40.00, 6800.00, 272000.00, 'M', 22),
(24, 5, 'RF-Tepung Ketan Putih @500 gr', '2017-08-08', 0.00, 0.00, 0.00, 40.00, 6800.00, 272000.00, 0.00, 6800.00, 0.00, 'K', 23),
(25, 5, 'RF-Tepung Ketan Putih @500 gr', '2017-09-07', 20.00, 6650.00, 133000.00, 0.00, 0.00, 0.00, 20.00, 6650.00, 133000.00, 'M', 24),
(26, 6, 'RF-Tepung Segitiga Biru', '2017-08-01', 0.00, 0.00, 0.00, 0.00, 0.00, 0.00, 0.00, 0.00, 0.00, 'M', 25),
(27, 6, 'RF-Tepung Segitiga Biru', '2017-08-03', 100.00, 6080.00, 608000.00, 0.00, 0.00, 0.00, 100.00, 6080.00, 608000.00, 'M', 26),
(28, 6, 'RF-Tepung Segitiga Biru', '2017-08-08', 0.00, 0.00, 0.00, 100.00, 6080.00, 608000.00, 0.00, 6080.00, 0.00, 'K', 27),
(29, 6, 'RF-Tepung Segitiga Biru', '2017-09-07', 250.00, 5960.00, 1490000.00, 0.00, 0.00, 0.00, 250.00, 5960.00, 1490000.00, 'M', 28),
(30, 6, 'RF-Tepung Segitiga Biru', '2017-09-07', 0.00, 0.00, 0.00, 50.00, 5960.00, 298000.00, 200.00, 5960.00, 1192000.00, 'K', 29),
(31, 6, 'RF-Tepung Segitiga Biru', '2017-09-08', 0.00, 0.00, 0.00, 200.00, 5960.00, 1192000.00, 0.00, 5960.00, 0.00, 'K', 30),
(32, 7, 'RF-Tepung Tapioka Gunung Agung @500 gr', '2017-08-01', 0.00, 0.00, 0.00, 0.00, 0.00, 0.00, 0.00, 0.00, 0.00, 'M', 31),
(33, 7, 'RF-Tepung Tapioka Gunung Agung @500 gr', '2017-08-03', 40.00, 2900.00, 116000.00, 0.00, 0.00, 0.00, 40.00, 2900.00, 116000.00, 'M', 32),
(34, 7, 'RF-Tepung Tapioka Gunung Agung @500 gr', '2017-08-08', 0.00, 0.00, 0.00, 40.00, 2900.00, 116000.00, 0.00, 2900.00, 0.00, 'K', 33),
(35, 7, 'RF-Tepung Tapioka Gunung Agung @500 gr', '2017-09-08', 0.00, 0.00, 0.00, 20.00, 3750.00, 75000.00, -20.00, 2900.00, -58000.00, 'K', 34),
(36, 8, 'SEASON Ajinomoto @1 kg', '2017-08-01', 0.00, 0.00, 0.00, 0.00, 0.00, 0.00, 0.00, 0.00, 0.00, 'M', 35),
(37, 8, 'SEASON Ajinomoto @1 kg', '2017-08-05', 24.00, 30416.70, 730000.81, 0.00, 0.00, 0.00, 24.00, 30416.70, 730000.81, 'M', 36),
(38, 8, 'SEASON Ajinomoto @1 kg', '2017-08-08', 0.00, 0.00, 0.00, 24.00, 30416.70, 730000.81, 0.00, 30416.70, 0.00, 'K', 37),
(39, 8, 'SEASON Ajinomoto @1 kg', '2017-09-06', 24.00, 30416.70, 730000.81, 0.00, 0.00, 0.00, 24.00, 30416.70, 730000.81, 'M', 38),
(40, 8, 'SEASON Ajinomoto @1 kg', '2017-09-07', 0.00, 0.00, 0.00, 24.00, 30416.70, 730000.81, 0.00, 30416.70, 0.00, 'K', 39),
(41, 9, 'SUGAR-Gula Lokal Kristal @50 kg', '2017-08-01', 0.00, 0.00, 0.00, 0.00, 0.00, 0.00, 0.00, 0.00, 0.00, 'M', 40),
(42, 9, 'SUGAR-Gula Lokal Kristal @50 kg', '2017-08-03', 150.00, 10760.00, 1614000.00, 0.00, 0.00, 0.00, 150.00, 10760.00, 1614000.00, 'M', 41),
(43, 9, 'SUGAR-Gula Lokal Kristal @50 kg', '2017-08-08', 0.00, 0.00, 0.00, 150.00, 10760.00, 1614000.00, 0.00, 10760.00, 0.00, 'K', 42),
(44, 9, 'SUGAR-Gula Lokal Kristal @50 kg', '2017-09-07', 200.00, 10060.00, 2012000.00, 0.00, 0.00, 0.00, 200.00, 10060.00, 2012000.00, 'M', 43),
(45, 9, 'SUGAR-Gula Lokal Kristal @50 kg', '2017-09-08', 0.00, 0.00, 0.00, 150.00, 10060.00, 1509000.00, 50.00, 10060.00, 503000.00, 'K', 44),
(46, 9, 'SUGAR-Gula Lokal Kristal @50 kg', '2017-09-11', 100.00, 10060.00, 1006000.00, 0.00, 0.00, 0.00, 150.00, 10060.00, 1509000.00, 'M', 45),
(47, 10, 'ABC-Saos Tomat 6 Kg, SAUCE - Sauce ABC Tomato 5.7 Kg', '2017-08-01', 0.00, 0.00, 0.00, 0.00, 0.00, 0.00, 0.00, 0.00, 0.00, 'M', 46),
(48, 10, 'ABC-Saos Tomat 6 Kg, SAUCE - Sauce ABC Tomato 5.7 Kg', '2017-08-12', 4.00, 70600.00, 282400.00, 0.00, 0.00, 0.00, 4.00, 70600.00, 282400.00, 'M', 47),
(49, 10, 'ABC-Saos Tomat 6 Kg, SAUCE - Sauce ABC Tomato 5.7 Kg', '2017-09-05', 1.00, 70600.00, 70600.00, 0.00, 0.00, 0.00, 5.00, 70600.00, 353000.00, 'M', 48),
(50, 10, 'ABC-Saos Tomat 6 Kg, SAUCE - Sauce ABC Tomato 5.7 Kg', '2017-09-06', 5.00, 70600.00, 353000.00, 0.00, 0.00, 0.00, 10.00, 70600.00, 706000.00, 'M', 49),
(51, 10, 'ABC-Saos Tomat 6 Kg, SAUCE - Sauce ABC Tomato 5.7 Kg', '2017-09-07', 0.00, 0.00, 0.00, 5.00, 70600.00, 353000.00, 5.00, 70600.00, 353000.00, 'K', 50),
(52, 10, 'ABC-Saos Tomat 6 Kg, SAUCE - Sauce ABC Tomato 5.7 Kg', '2017-09-08', 0.00, 0.00, 0.00, 5.00, 70600.00, 353000.00, 0.00, 70600.00, 0.00, 'K', 51),
(53, 11, 'ABC-Saos Sambal 6 Kg, SAUCE - Sauce ABC Chilli 5.7 Kg', '2017-08-01', 0.00, 0.00, 0.00, 0.00, 0.00, 0.00, 0.00, 0.00, 0.00, 'M', 52),
(54, 11, 'ABC-Saos Sambal 6 Kg, SAUCE - Sauce ABC Chilli 5.7 Kg', '2017-08-14', 2.00, 99500.00, 199000.00, 0.00, 0.00, 0.00, 2.00, 99500.00, 199000.00, 'M', 53),
(55, 11, 'ABC-Saos Sambal 6 Kg, SAUCE - Sauce ABC Chilli 5.7 Kg', '2017-09-05', 3.00, 99000.00, 297000.00, 0.00, 0.00, 0.00, 2.00, 99500.00, 199000.00, 'M', 54),
(56, 11, 'ABC-Saos Sambal 6 Kg, SAUCE - Sauce ABC Chilli 5.7 Kg', '', 0.00, 0.00, 0.00, 0.00, 0.00, 0.00, 3.00, 99000.00, 297000.00, 'M', 55),
(57, 11, 'ABC-Saos Sambal 6 Kg, SAUCE - Sauce ABC Chilli 5.7 Kg', '2017-09-06', 5.00, 99000.00, 495000.00, 0.00, 0.00, 0.00, 2.00, 99500.00, 199000.00, 'M', 56),
(58, 11, 'ABC-Saos Sambal 6 Kg, SAUCE - Sauce ABC Chilli 5.7 Kg', '', 0.00, 0.00, 0.00, 0.00, 0.00, 0.00, 8.00, 99000.00, 792000.00, 'M', 57),
(59, 11, 'ABC-Saos Sambal 6 Kg, SAUCE - Sauce ABC Chilli 5.7 Kg', '2017-09-07', 0.00, 0.00, 0.00, 2.00, 99500.00, 199000.00, 5.00, 99000.00, 495000.00, 'K', 58),
(60, 11, 'ABC-Saos Sambal 6 Kg, SAUCE - Sauce ABC Chilli 5.7 Kg', '', 0.00, 0.00, 0.00, 3.00, 99000.00, 297000.00, 0.00, 0.00, 0.00, 'K', 59),
(61, 11, 'ABC-Saos Sambal 6 Kg, SAUCE - Sauce ABC Chilli 5.7 Kg', '2017-09-08', 0.00, 0.00, 0.00, 5.00, 99000.00, 495000.00, 0.00, 99000.00, 0.00, 'K', 60),
(62, 12, 'ABC-Kecap Manis, GROC-Kecap ABC Manis', '2017-08-01', 0.00, 0.00, 0.00, 0.00, 0.00, 0.00, 0.00, 0.00, 0.00, 'M', 61),
(63, 12, 'ABC-Kecap Manis, GROC-Kecap ABC Manis', '2017-08-21', 6.00, 99600.00, 597600.00, 0.00, 0.00, 0.00, 6.00, 99600.00, 597600.00, 'M', 62),
(64, 12, 'ABC-Kecap Manis, GROC-Kecap ABC Manis', '2017-09-06', 4.00, 99600.00, 398400.00, 0.00, 0.00, 0.00, 10.00, 99600.00, 996000.00, 'M', 63),
(65, 12, 'ABC-Kecap Manis, GROC-Kecap ABC Manis', '2017-09-07', 0.00, 0.00, 0.00, 5.00, 99600.00, 498000.00, 5.00, 99600.00, 498000.00, 'K', 64),
(66, 12, 'ABC-Kecap Manis, GROC-Kecap ABC Manis', '2017-09-08', 0.00, 0.00, 0.00, 5.00, 99600.00, 498000.00, 0.00, 99600.00, 0.00, 'K', 65),
(67, 13, 'RF-Tepung Roti Mamasuka', '2017-08-01', 0.00, 0.00, 0.00, 0.00, 0.00, 0.00, 0.00, 0.00, 0.00, 'M', 66),
(68, 13, 'RF-Tepung Roti Mamasuka', '2017-08-08', 0.00, 0.00, 0.00, 6.00, 60000.00, 360000.00, -6.00, 0.00, 0.00, 'K', 67),
(69, 13, 'RF-Tepung Roti Mamasuka', '2017-09-05', 6.00, 49000.00, 294000.00, 0.00, 0.00, 0.00, 0.00, 0.00, 0.00, 'M', 68),
(70, 14, 'SAUCE - Kokita Bumbu Inti', '2017-08-01', 0.00, 0.00, 0.00, 0.00, 0.00, 0.00, 0.00, 0.00, 0.00, 'M', 69),
(71, 14, 'SAUCE - Kokita Bumbu Inti', '2017-08-08', 0.00, 0.00, 0.00, 3.00, 245000.00, 735000.00, -3.00, 0.00, 0.00, 'K', 70),
(72, 14, 'SAUCE - Kokita Bumbu Inti', '2017-09-05', 3.00, 232800.00, 698400.00, 0.00, 0.00, 0.00, 0.00, 0.00, 0.00, 'M', 71),
(73, 15, 'SAUCE - Kokita Sambal Bajak Hot', '2017-08-01', 0.00, 0.00, 0.00, 0.00, 0.00, 0.00, 0.00, 0.00, 0.00, 'M', 72),
(74, 15, 'SAUCE - Kokita Sambal Bajak Hot', '2017-08-08', 0.00, 0.00, 0.00, 3.00, 255000.00, 765000.00, -3.00, 0.00, 0.00, 'K', 73),
(75, 15, 'SAUCE - Kokita Sambal Bajak Hot', '2017-09-05', 3.00, 242500.00, 727500.00, 0.00, 0.00, 0.00, 0.00, 0.00, 0.00, 'M', 74),
(76, 19, 'Coba Data', '2017-08-01', 0.00, 0.00, 0.00, 0.00, 0.00, 0.00, 10.00, 1000.00, 10000.00, 'M', 75),
(77, 19, 'Coba Data', '2017-09-27', 20.00, 2000.00, 40000.00, 0.00, 0.00, 0.00, 10.00, 1000.00, 10000.00, 'M', 76),
(78, 19, 'Coba Data', '', 0.00, 0.00, 0.00, 0.00, 0.00, 0.00, 20.00, 2000.00, 40000.00, 'M', 77),
(79, 19, 'Coba Data', '2017-09-28', 30.00, 3000.00, 90000.00, 0.00, 0.00, 0.00, 10.00, 1000.00, 10000.00, 'M', 78),
(80, 19, 'Coba Data', '', 0.00, 0.00, 0.00, 0.00, 0.00, 0.00, 20.00, 2000.00, 40000.00, 'M', 79),
(81, 19, 'Coba Data', '', 0.00, 0.00, 0.00, 0.00, 0.00, 0.00, 30.00, 3000.00, 90000.00, 'M', 80),
(82, 19, 'Coba Data', '2017-09-28', 40.00, 4000.00, 160000.00, 0.00, 0.00, 0.00, 10.00, 1000.00, 10000.00, 'M', 81),
(83, 19, 'Coba Data', '', 0.00, 0.00, 0.00, 0.00, 0.00, 0.00, 20.00, 2000.00, 40000.00, 'M', 82),
(84, 19, 'Coba Data', '', 0.00, 0.00, 0.00, 0.00, 0.00, 0.00, 30.00, 3000.00, 90000.00, 'M', 83),
(85, 19, 'Coba Data', '', 0.00, 0.00, 0.00, 0.00, 0.00, 0.00, 40.00, 4000.00, 160000.00, 'M', 84),
(86, 19, 'Coba Data', '2017-09-30', 0.00, 0.00, 0.00, 10.00, 1000.00, 10000.00, 25.00, 4000.00, 100000.00, 'K', 85),
(87, 19, 'Coba Data', '', 0.00, 0.00, 0.00, 20.00, 2000.00, 40000.00, 0.00, 0.00, 0.00, 'K', 86),
(88, 19, 'Coba Data', '', 0.00, 0.00, 0.00, 30.00, 3000.00, 90000.00, 0.00, 0.00, 0.00, 'K', 87),
(89, 19, 'Coba Data', '', 0.00, 0.00, 0.00, 15.00, 4000.00, 60000.00, 0.00, 0.00, 0.00, 'K', 88),
(90, 19, 'Coba Data', '2017-10-07', 0.00, 0.00, 0.00, 12.00, 4000.00, 48000.00, 13.00, 4000.00, 52000.00, 'K', 89),
(91, 19, 'Coba Data', '2017-10-15', 0.00, 0.00, 0.00, 5.00, 4000.00, 20000.00, 8.00, 4000.00, 32000.00, 'K', 90);

-- --------------------------------------------------------

--
-- Table structure for table `t_10sap`
--

CREATE TABLE `t_10sap` (
  `id` int(11) NOT NULL,
  `item_id` int(11) NOT NULL,
  `sap` float(15,2) NOT NULL
) ENGINE=InnoDB DEFAULT CHARSET=latin1 COMMENT='saldo akhir persediaan';

--
-- Dumping data for table `t_10sap`
--

INSERT INTO `t_10sap` (`id`, `item_id`, `sap`) VALUES
(1, 1, 1744000.00),
(2, 2, 0.00),
(3, 3, 100000.00),
(4, 4, 312000.00),
(5, 5, 133000.00),
(6, 6, 0.00),
(7, 7, -58000.00),
(8, 8, 0.00),
(9, 9, 1509000.00),
(10, 10, 0.00),
(11, 11, 0.00),
(12, 12, 0.00),
(13, 13, 0.00),
(14, 14, 0.00),
(15, 15, 0.00),
(16, 19, 32000.00);

-- --------------------------------------------------------

--
-- Table structure for table `t_11dead_stok`
--

CREATE TABLE `t_11dead_stok` (
  `dead_stok_id` int(11) NOT NULL,
  `tgl` date NOT NULL,
  `item_id` int(11) NOT NULL,
  `qty` float(15,2) NOT NULL,
  `satuan_id` int(11) NOT NULL
) ENGINE=InnoDB DEFAULT CHARSET=latin1 COMMENT='transaksi dead stok';

--
-- Dumping data for table `t_11dead_stok`
--

INSERT INTO `t_11dead_stok` (`dead_stok_id`, `tgl`, `item_id`, `qty`, `satuan_id`) VALUES
(1, '2017-10-07', 19, 12.00, 2);

-- --------------------------------------------------------

--
-- Table structure for table `t_12retur`
--

CREATE TABLE `t_12retur` (
  `retur_id` int(11) NOT NULL,
  `tgl` date NOT NULL,
  `item_id` int(11) NOT NULL,
  `qty` float(14,2) NOT NULL,
  `satuan_id` int(11) NOT NULL,
  `jual_id` int(11) NOT NULL
) ENGINE=InnoDB DEFAULT CHARSET=latin1;

--
-- Dumping data for table `t_12retur`
--

INSERT INTO `t_12retur` (`retur_id`, `tgl`, `item_id`, `qty`, `satuan_id`, `jual_id`) VALUES
(1, '2017-10-15', 19, 5.00, 2, 7);

-- --------------------------------------------------------

--
-- Table structure for table `t_13kategori`
--

CREATE TABLE `t_13kategori` (
  `kat_id` int(11) NOT NULL,
  `kat_nama` varchar(100) NOT NULL
) ENGINE=InnoDB DEFAULT CHARSET=latin1;

--
-- Dumping data for table `t_13kategori`
--

INSERT INTO `t_13kategori` (`kat_id`, `kat_nama`) VALUES
(1, 'Sayuran'),
(2, 'Buah'),
(3, 'Groceries');

-- --------------------------------------------------------

--
-- Table structure for table `t_14drop_cash`
--

CREATE TABLE `t_14drop_cash` (
  `dc_id` int(11) NOT NULL,
  `tgl` date NOT NULL,
  `jumlah` float(14,2) NOT NULL,
  `tujuan` int(11) NOT NULL,
  `pemakaian_total` float(14,2) DEFAULT '0.00',
  `sisa` float(14,2) DEFAULT '0.00'
) ENGINE=InnoDB DEFAULT CHARSET=latin1;

--
-- Dumping data for table `t_14drop_cash`
--

INSERT INTO `t_14drop_cash` (`dc_id`, `tgl`, `jumlah`, `tujuan`, `pemakaian_total`, `sisa`) VALUES
(1, '2017-10-28', 10000000.00, 1, 11890000.00, 0.00);

-- --------------------------------------------------------

--
-- Table structure for table `t_15branch`
--

CREATE TABLE `t_15branch` (
  `branch_id` int(11) NOT NULL,
  `branch_nama` varchar(100) NOT NULL
) ENGINE=InnoDB DEFAULT CHARSET=latin1;

--
-- Dumping data for table `t_15branch`
--

INSERT INTO `t_15branch` (`branch_id`, `branch_nama`) VALUES
(1, 'Bojonegoro'),
(2, 'Surabaya');

-- --------------------------------------------------------

--
-- Table structure for table `t_95userlevels`
--

CREATE TABLE `t_95userlevels` (
  `userlevelid` int(11) NOT NULL,
  `userlevelname` varchar(255) NOT NULL
) ENGINE=InnoDB DEFAULT CHARSET=utf8;

--
-- Dumping data for table `t_95userlevels`
--

INSERT INTO `t_95userlevels` (`userlevelid`, `userlevelname`) VALUES
(-2, 'Anonymous'),
(-1, 'Administrator'),
(0, 'Default'),
(1, 'Pembelian');

-- --------------------------------------------------------

--
-- Table structure for table `t_96userlevelpermissions`
--

CREATE TABLE `t_96userlevelpermissions` (
  `userlevelid` int(11) NOT NULL,
  `tablename` varchar(255) NOT NULL,
  `permission` int(11) NOT NULL
) ENGINE=InnoDB DEFAULT CHARSET=utf8;

--
-- Dumping data for table `t_96userlevelpermissions`
--

INSERT INTO `t_96userlevelpermissions` (`userlevelid`, `tablename`, `permission`) VALUES
(-2, '{060B3204-5918-44AF-94F8-5E569EA4DD7D}r_beli', 0),
(-2, '{060B3204-5918-44AF-94F8-5E569EA4DD7D}r_dead_stok', 0),
(-2, '{060B3204-5918-44AF-94F8-5E569EA4DD7D}r_hutang', 0),
(-2, '{060B3204-5918-44AF-94F8-5E569EA4DD7D}r_jual', 0),
(-2, '{060B3204-5918-44AF-94F8-5E569EA4DD7D}r_lr', 0),
(-2, '{060B3204-5918-44AF-94F8-5E569EA4DD7D}r_margin', 0),
(-2, '{060B3204-5918-44AF-94F8-5E569EA4DD7D}r_mutasi', 0),
(-2, '{060B3204-5918-44AF-94F8-5E569EA4DD7D}r_mutasi_detail', 0),
(-2, '{060B3204-5918-44AF-94F8-5E569EA4DD7D}r_nilai_stok', 0),
(-2, '{060B3204-5918-44AF-94F8-5E569EA4DD7D}r_piutang', 0),
(-2, '{060B3204-5918-44AF-94F8-5E569EA4DD7D}r_stok', 0),
(-2, '{060B3204-5918-44AF-94F8-5E569EA4DD7D}t_00audit_trail', 0),
(-2, '{060B3204-5918-44AF-94F8-5E569EA4DD7D}t_01vendor', 0),
(-2, '{060B3204-5918-44AF-94F8-5E569EA4DD7D}t_02item', 0),
(-2, '{060B3204-5918-44AF-94F8-5E569EA4DD7D}t_03satuan', 0),
(-2, '{060B3204-5918-44AF-94F8-5E569EA4DD7D}t_04beli', 0),
(-2, '{060B3204-5918-44AF-94F8-5E569EA4DD7D}t_05customer', 0),
(-2, '{060B3204-5918-44AF-94F8-5E569EA4DD7D}t_06jual', 0),
(-2, '{060B3204-5918-44AF-94F8-5E569EA4DD7D}t_07jual_detail', 0),
(-2, '{060B3204-5918-44AF-94F8-5E569EA4DD7D}t_08item_saldo', 0),
(-2, '{060B3204-5918-44AF-94F8-5E569EA4DD7D}t_09nilai_stok', 0),
(-2, '{060B3204-5918-44AF-94F8-5E569EA4DD7D}t_10sap', 0),
(-2, '{060B3204-5918-44AF-94F8-5E569EA4DD7D}t_11dead_stok', 0),
(-2, '{060B3204-5918-44AF-94F8-5E569EA4DD7D}t_12retur', 0),
(-2, '{060B3204-5918-44AF-94F8-5E569EA4DD7D}v_01beli_laporan', 0),
(-2, '{060B3204-5918-44AF-94F8-5E569EA4DD7D}v_02jual_laporan', 0),
(-2, '{060B3204-5918-44AF-94F8-5E569EA4DD7D}v_03masuk', 0),
(-2, '{060B3204-5918-44AF-94F8-5E569EA4DD7D}v_04keluar', 0),
(-2, '{060B3204-5918-44AF-94F8-5E569EA4DD7D}v_05stok', 0),
(-2, '{060B3204-5918-44AF-94F8-5E569EA4DD7D}v_06transaksi', 0),
(-2, '{060B3204-5918-44AF-94F8-5E569EA4DD7D}v_07mutasi', 0),
(-2, '{060B3204-5918-44AF-94F8-5E569EA4DD7D}v_08harga_jual_terakhir', 0),
(-2, '{060B3204-5918-44AF-94F8-5E569EA4DD7D}v_09margin', 0),
(-2, '{060B3204-5918-44AF-94F8-5E569EA4DD7D}v_10hutang', 0),
(-2, '{060B3204-5918-44AF-94F8-5E569EA4DD7D}v_11piutang', 0),
(-2, '{060B3204-5918-44AF-94F8-5E569EA4DD7D}v_12nilai_stok', 0),
(-2, '{060B3204-5918-44AF-94F8-5E569EA4DD7D}v_13beli', 0),
(-2, '{060B3204-5918-44AF-94F8-5E569EA4DD7D}v_14jual_detail', 0),
(-2, '{060B3204-5918-44AF-94F8-5E569EA4DD7D}v_15penjualan', 0),
(-2, '{060B3204-5918-44AF-94F8-5E569EA4DD7D}v_16hpp', 0),
(-2, '{060B3204-5918-44AF-94F8-5E569EA4DD7D}v_17mutasi_detail', 0),
(-2, '{060B3204-5918-44AF-94F8-5E569EA4DD7D}v_18dead_stok', 0),
(-2, '{939D1C58-B1B5-41D0-A0B9-205FEFFF0852}cf_00home.php', 0),
(-2, '{939D1C58-B1B5-41D0-A0B9-205FEFFF0852}cf_01hitung_nilai_stok.php', 0),
(-2, '{939D1C58-B1B5-41D0-A0B9-205FEFFF0852}cf_02hitung_lr.php', 0),
(-2, '{939D1C58-B1B5-41D0-A0B9-205FEFFF0852}cf_03home2.php', 0),
(-2, '{939D1C58-B1B5-41D0-A0B9-205FEFFF0852}t_00audit_trail', 0),
(-2, '{939D1C58-B1B5-41D0-A0B9-205FEFFF0852}t_01vendor', 0),
(-2, '{939D1C58-B1B5-41D0-A0B9-205FEFFF0852}t_02item', 0),
(-2, '{939D1C58-B1B5-41D0-A0B9-205FEFFF0852}t_03satuan', 0),
(-2, '{939D1C58-B1B5-41D0-A0B9-205FEFFF0852}t_04beli', 0),
(-2, '{939D1C58-B1B5-41D0-A0B9-205FEFFF0852}t_05customer', 0),
(-2, '{939D1C58-B1B5-41D0-A0B9-205FEFFF0852}t_06jual', 0),
(-2, '{939D1C58-B1B5-41D0-A0B9-205FEFFF0852}t_07jual_detail', 0),
(-2, '{939D1C58-B1B5-41D0-A0B9-205FEFFF0852}t_08item_saldo', 0),
(-2, '{939D1C58-B1B5-41D0-A0B9-205FEFFF0852}t_09nilai_stok', 0),
(-2, '{939D1C58-B1B5-41D0-A0B9-205FEFFF0852}t_10sap', 0),
(-2, '{939D1C58-B1B5-41D0-A0B9-205FEFFF0852}t_11dead_stok', 0),
(-2, '{939D1C58-B1B5-41D0-A0B9-205FEFFF0852}t_12retur', 0),
(-2, '{939D1C58-B1B5-41D0-A0B9-205FEFFF0852}t_13kategori', 0),
(-2, '{939D1C58-B1B5-41D0-A0B9-205FEFFF0852}t_14drop_cash', 0),
(-2, '{939D1C58-B1B5-41D0-A0B9-205FEFFF0852}t_15branch', 0),
(-2, '{939D1C58-B1B5-41D0-A0B9-205FEFFF0852}t_95userlevels', 0),
(-2, '{939D1C58-B1B5-41D0-A0B9-205FEFFF0852}t_96userlevelpermissions', 0),
(-2, '{939D1C58-B1B5-41D0-A0B9-205FEFFF0852}t_97user', 0),
(-2, '{939D1C58-B1B5-41D0-A0B9-205FEFFF0852}t_98home_head', 0),
(-2, '{939D1C58-B1B5-41D0-A0B9-205FEFFF0852}t_99home', 0),
(-2, '{939D1C58-B1B5-41D0-A0B9-205FEFFF0852}v_01beli_laporan', 0),
(-2, '{939D1C58-B1B5-41D0-A0B9-205FEFFF0852}v_02jual_laporan', 0),
(-2, '{939D1C58-B1B5-41D0-A0B9-205FEFFF0852}v_03masuk', 0),
(-2, '{939D1C58-B1B5-41D0-A0B9-205FEFFF0852}v_04keluar', 0),
(-2, '{939D1C58-B1B5-41D0-A0B9-205FEFFF0852}v_05stok', 0),
(-2, '{939D1C58-B1B5-41D0-A0B9-205FEFFF0852}v_06transaksi', 0),
(-2, '{939D1C58-B1B5-41D0-A0B9-205FEFFF0852}v_07mutasi', 0),
(-2, '{939D1C58-B1B5-41D0-A0B9-205FEFFF0852}v_08harga_jual_terakhir', 0),
(-2, '{939D1C58-B1B5-41D0-A0B9-205FEFFF0852}v_09margin', 0),
(-2, '{939D1C58-B1B5-41D0-A0B9-205FEFFF0852}v_10hutang', 0),
(-2, '{939D1C58-B1B5-41D0-A0B9-205FEFFF0852}v_11piutang', 0),
(-2, '{939D1C58-B1B5-41D0-A0B9-205FEFFF0852}v_12nilai_stok', 0),
(-2, '{939D1C58-B1B5-41D0-A0B9-205FEFFF0852}v_13beli', 0),
(-2, '{939D1C58-B1B5-41D0-A0B9-205FEFFF0852}v_14jual_detail', 0),
(-2, '{939D1C58-B1B5-41D0-A0B9-205FEFFF0852}v_15penjualan', 0),
(-2, '{939D1C58-B1B5-41D0-A0B9-205FEFFF0852}v_16hpp', 0),
(-2, '{939D1C58-B1B5-41D0-A0B9-205FEFFF0852}v_17mutasi_detail', 0),
(-2, '{939D1C58-B1B5-41D0-A0B9-205FEFFF0852}v_18dead_stok', 0),
(0, '{939D1C58-B1B5-41D0-A0B9-205FEFFF0852}cf_00home.php', 0),
(0, '{939D1C58-B1B5-41D0-A0B9-205FEFFF0852}cf_01hitung_nilai_stok.php', 0),
(0, '{939D1C58-B1B5-41D0-A0B9-205FEFFF0852}cf_02hitung_lr.php', 0),
(0, '{939D1C58-B1B5-41D0-A0B9-205FEFFF0852}cf_03home2.php', 0),
(0, '{939D1C58-B1B5-41D0-A0B9-205FEFFF0852}t_00audit_trail', 0),
(0, '{939D1C58-B1B5-41D0-A0B9-205FEFFF0852}t_01vendor', 0),
(0, '{939D1C58-B1B5-41D0-A0B9-205FEFFF0852}t_02item', 0),
(0, '{939D1C58-B1B5-41D0-A0B9-205FEFFF0852}t_03satuan', 0),
(0, '{939D1C58-B1B5-41D0-A0B9-205FEFFF0852}t_04beli', 0),
(0, '{939D1C58-B1B5-41D0-A0B9-205FEFFF0852}t_05customer', 0),
(0, '{939D1C58-B1B5-41D0-A0B9-205FEFFF0852}t_06jual', 0),
(0, '{939D1C58-B1B5-41D0-A0B9-205FEFFF0852}t_07jual_detail', 0),
(0, '{939D1C58-B1B5-41D0-A0B9-205FEFFF0852}t_08item_saldo', 0),
(0, '{939D1C58-B1B5-41D0-A0B9-205FEFFF0852}t_09nilai_stok', 0),
(0, '{939D1C58-B1B5-41D0-A0B9-205FEFFF0852}t_10sap', 0),
(0, '{939D1C58-B1B5-41D0-A0B9-205FEFFF0852}t_11dead_stok', 0),
(0, '{939D1C58-B1B5-41D0-A0B9-205FEFFF0852}t_12retur', 0),
(0, '{939D1C58-B1B5-41D0-A0B9-205FEFFF0852}t_13kategori', 0),
(0, '{939D1C58-B1B5-41D0-A0B9-205FEFFF0852}t_14drop_cash', 0),
(0, '{939D1C58-B1B5-41D0-A0B9-205FEFFF0852}t_15branch', 0),
(0, '{939D1C58-B1B5-41D0-A0B9-205FEFFF0852}t_95userlevels', 0),
(0, '{939D1C58-B1B5-41D0-A0B9-205FEFFF0852}t_96userlevelpermissions', 0),
(0, '{939D1C58-B1B5-41D0-A0B9-205FEFFF0852}t_97user', 0),
(0, '{939D1C58-B1B5-41D0-A0B9-205FEFFF0852}t_98home_head', 0),
(0, '{939D1C58-B1B5-41D0-A0B9-205FEFFF0852}t_99home', 0),
(0, '{939D1C58-B1B5-41D0-A0B9-205FEFFF0852}v_01beli_laporan', 0),
(0, '{939D1C58-B1B5-41D0-A0B9-205FEFFF0852}v_02jual_laporan', 0),
(0, '{939D1C58-B1B5-41D0-A0B9-205FEFFF0852}v_03masuk', 0),
(0, '{939D1C58-B1B5-41D0-A0B9-205FEFFF0852}v_04keluar', 0),
(0, '{939D1C58-B1B5-41D0-A0B9-205FEFFF0852}v_05stok', 0),
(0, '{939D1C58-B1B5-41D0-A0B9-205FEFFF0852}v_06transaksi', 0),
(0, '{939D1C58-B1B5-41D0-A0B9-205FEFFF0852}v_07mutasi', 0),
(0, '{939D1C58-B1B5-41D0-A0B9-205FEFFF0852}v_08harga_jual_terakhir', 0),
(0, '{939D1C58-B1B5-41D0-A0B9-205FEFFF0852}v_09margin', 0),
(0, '{939D1C58-B1B5-41D0-A0B9-205FEFFF0852}v_10hutang', 0),
(0, '{939D1C58-B1B5-41D0-A0B9-205FEFFF0852}v_11piutang', 0),
(0, '{939D1C58-B1B5-41D0-A0B9-205FEFFF0852}v_12nilai_stok', 0),
(0, '{939D1C58-B1B5-41D0-A0B9-205FEFFF0852}v_13beli', 0),
(0, '{939D1C58-B1B5-41D0-A0B9-205FEFFF0852}v_14jual_detail', 0),
(0, '{939D1C58-B1B5-41D0-A0B9-205FEFFF0852}v_15penjualan', 0),
(0, '{939D1C58-B1B5-41D0-A0B9-205FEFFF0852}v_16hpp', 0),
(0, '{939D1C58-B1B5-41D0-A0B9-205FEFFF0852}v_17mutasi_detail', 0),
(0, '{939D1C58-B1B5-41D0-A0B9-205FEFFF0852}v_18dead_stok', 0),
(1, '{060B3204-5918-44AF-94F8-5E569EA4DD7D}r_beli', 0),
(1, '{060B3204-5918-44AF-94F8-5E569EA4DD7D}r_dead_stok', 0),
(1, '{060B3204-5918-44AF-94F8-5E569EA4DD7D}r_hutang', 0),
(1, '{060B3204-5918-44AF-94F8-5E569EA4DD7D}r_jual', 0),
(1, '{060B3204-5918-44AF-94F8-5E569EA4DD7D}r_lr', 0),
(1, '{060B3204-5918-44AF-94F8-5E569EA4DD7D}r_margin', 0),
(1, '{060B3204-5918-44AF-94F8-5E569EA4DD7D}r_mutasi', 0),
(1, '{060B3204-5918-44AF-94F8-5E569EA4DD7D}r_mutasi_detail', 0),
(1, '{060B3204-5918-44AF-94F8-5E569EA4DD7D}r_nilai_stok', 0),
(1, '{060B3204-5918-44AF-94F8-5E569EA4DD7D}r_piutang', 0),
(1, '{060B3204-5918-44AF-94F8-5E569EA4DD7D}r_stok', 0),
(1, '{060B3204-5918-44AF-94F8-5E569EA4DD7D}t_00audit_trail', 0),
(1, '{060B3204-5918-44AF-94F8-5E569EA4DD7D}t_01vendor', 0),
(1, '{060B3204-5918-44AF-94F8-5E569EA4DD7D}t_02item', 0),
(1, '{060B3204-5918-44AF-94F8-5E569EA4DD7D}t_03satuan', 0),
(1, '{060B3204-5918-44AF-94F8-5E569EA4DD7D}t_04beli', 0),
(1, '{060B3204-5918-44AF-94F8-5E569EA4DD7D}t_05customer', 0),
(1, '{060B3204-5918-44AF-94F8-5E569EA4DD7D}t_06jual', 0),
(1, '{060B3204-5918-44AF-94F8-5E569EA4DD7D}t_07jual_detail', 0),
(1, '{060B3204-5918-44AF-94F8-5E569EA4DD7D}t_08item_saldo', 0),
(1, '{060B3204-5918-44AF-94F8-5E569EA4DD7D}t_09nilai_stok', 0),
(1, '{060B3204-5918-44AF-94F8-5E569EA4DD7D}t_10sap', 0),
(1, '{060B3204-5918-44AF-94F8-5E569EA4DD7D}t_11dead_stok', 0),
(1, '{060B3204-5918-44AF-94F8-5E569EA4DD7D}t_12retur', 0),
(1, '{060B3204-5918-44AF-94F8-5E569EA4DD7D}v_01beli_laporan', 0),
(1, '{060B3204-5918-44AF-94F8-5E569EA4DD7D}v_02jual_laporan', 0),
(1, '{060B3204-5918-44AF-94F8-5E569EA4DD7D}v_03masuk', 0),
(1, '{060B3204-5918-44AF-94F8-5E569EA4DD7D}v_04keluar', 0),
(1, '{060B3204-5918-44AF-94F8-5E569EA4DD7D}v_05stok', 0),
(1, '{060B3204-5918-44AF-94F8-5E569EA4DD7D}v_06transaksi', 0),
(1, '{060B3204-5918-44AF-94F8-5E569EA4DD7D}v_07mutasi', 0),
(1, '{060B3204-5918-44AF-94F8-5E569EA4DD7D}v_08harga_jual_terakhir', 0),
(1, '{060B3204-5918-44AF-94F8-5E569EA4DD7D}v_09margin', 0),
(1, '{060B3204-5918-44AF-94F8-5E569EA4DD7D}v_10hutang', 0),
(1, '{060B3204-5918-44AF-94F8-5E569EA4DD7D}v_11piutang', 0),
(1, '{060B3204-5918-44AF-94F8-5E569EA4DD7D}v_12nilai_stok', 0),
(1, '{060B3204-5918-44AF-94F8-5E569EA4DD7D}v_13beli', 0),
(1, '{060B3204-5918-44AF-94F8-5E569EA4DD7D}v_14jual_detail', 0),
(1, '{060B3204-5918-44AF-94F8-5E569EA4DD7D}v_15penjualan', 0),
(1, '{060B3204-5918-44AF-94F8-5E569EA4DD7D}v_16hpp', 0),
(1, '{060B3204-5918-44AF-94F8-5E569EA4DD7D}v_17mutasi_detail', 0),
(1, '{060B3204-5918-44AF-94F8-5E569EA4DD7D}v_18dead_stok', 0),
(1, '{939D1C58-B1B5-41D0-A0B9-205FEFFF0852}cf_00home.php', 0),
(1, '{939D1C58-B1B5-41D0-A0B9-205FEFFF0852}cf_01hitung_nilai_stok.php', 0),
(1, '{939D1C58-B1B5-41D0-A0B9-205FEFFF0852}cf_02hitung_lr.php', 0),
(1, '{939D1C58-B1B5-41D0-A0B9-205FEFFF0852}cf_03home2.php', 8),
(1, '{939D1C58-B1B5-41D0-A0B9-205FEFFF0852}t_00audit_trail', 0),
(1, '{939D1C58-B1B5-41D0-A0B9-205FEFFF0852}t_01vendor', 0),
(1, '{939D1C58-B1B5-41D0-A0B9-205FEFFF0852}t_02item', 0),
(1, '{939D1C58-B1B5-41D0-A0B9-205FEFFF0852}t_03satuan', 0),
(1, '{939D1C58-B1B5-41D0-A0B9-205FEFFF0852}t_04beli', 111),
(1, '{939D1C58-B1B5-41D0-A0B9-205FEFFF0852}t_05customer', 0),
(1, '{939D1C58-B1B5-41D0-A0B9-205FEFFF0852}t_06jual', 0),
(1, '{939D1C58-B1B5-41D0-A0B9-205FEFFF0852}t_07jual_detail', 0),
(1, '{939D1C58-B1B5-41D0-A0B9-205FEFFF0852}t_08item_saldo', 0),
(1, '{939D1C58-B1B5-41D0-A0B9-205FEFFF0852}t_09nilai_stok', 0),
(1, '{939D1C58-B1B5-41D0-A0B9-205FEFFF0852}t_10sap', 0),
(1, '{939D1C58-B1B5-41D0-A0B9-205FEFFF0852}t_11dead_stok', 0),
(1, '{939D1C58-B1B5-41D0-A0B9-205FEFFF0852}t_12retur', 0),
(1, '{939D1C58-B1B5-41D0-A0B9-205FEFFF0852}t_13kategori', 0),
(1, '{939D1C58-B1B5-41D0-A0B9-205FEFFF0852}t_14drop_cash', 0),
(1, '{939D1C58-B1B5-41D0-A0B9-205FEFFF0852}t_15branch', 0),
(1, '{939D1C58-B1B5-41D0-A0B9-205FEFFF0852}t_95userlevels', 0),
(1, '{939D1C58-B1B5-41D0-A0B9-205FEFFF0852}t_96userlevelpermissions', 0),
(1, '{939D1C58-B1B5-41D0-A0B9-205FEFFF0852}t_97user', 0),
(1, '{939D1C58-B1B5-41D0-A0B9-205FEFFF0852}t_98home_head', 8),
(1, '{939D1C58-B1B5-41D0-A0B9-205FEFFF0852}t_99home', 8),
(1, '{939D1C58-B1B5-41D0-A0B9-205FEFFF0852}v_01beli_laporan', 0),
(1, '{939D1C58-B1B5-41D0-A0B9-205FEFFF0852}v_02jual_laporan', 0),
(1, '{939D1C58-B1B5-41D0-A0B9-205FEFFF0852}v_03masuk', 0),
(1, '{939D1C58-B1B5-41D0-A0B9-205FEFFF0852}v_04keluar', 0),
(1, '{939D1C58-B1B5-41D0-A0B9-205FEFFF0852}v_05stok', 0),
(1, '{939D1C58-B1B5-41D0-A0B9-205FEFFF0852}v_06transaksi', 0),
(1, '{939D1C58-B1B5-41D0-A0B9-205FEFFF0852}v_07mutasi', 0),
(1, '{939D1C58-B1B5-41D0-A0B9-205FEFFF0852}v_08harga_jual_terakhir', 0),
(1, '{939D1C58-B1B5-41D0-A0B9-205FEFFF0852}v_09margin', 0),
(1, '{939D1C58-B1B5-41D0-A0B9-205FEFFF0852}v_10hutang', 0),
(1, '{939D1C58-B1B5-41D0-A0B9-205FEFFF0852}v_11piutang', 0),
(1, '{939D1C58-B1B5-41D0-A0B9-205FEFFF0852}v_12nilai_stok', 0),
(1, '{939D1C58-B1B5-41D0-A0B9-205FEFFF0852}v_13beli', 0),
(1, '{939D1C58-B1B5-41D0-A0B9-205FEFFF0852}v_14jual_detail', 0),
(1, '{939D1C58-B1B5-41D0-A0B9-205FEFFF0852}v_15penjualan', 0),
(1, '{939D1C58-B1B5-41D0-A0B9-205FEFFF0852}v_16hpp', 0),
(1, '{939D1C58-B1B5-41D0-A0B9-205FEFFF0852}v_17mutasi_detail', 0),
(1, '{939D1C58-B1B5-41D0-A0B9-205FEFFF0852}v_18dead_stok', 0);

-- --------------------------------------------------------

--
-- Table structure for table `t_97user`
--

CREATE TABLE `t_97user` (
  `user_id` int(11) NOT NULL,
  `username` varchar(50) NOT NULL,
  `password` varchar(50) NOT NULL,
  `userlevel` int(11) NOT NULL
) ENGINE=MyISAM DEFAULT CHARSET=latin1;

--
-- Dumping data for table `t_97user`
--

INSERT INTO `t_97user` (`user_id`, `username`, `password`, `userlevel`) VALUES
(3, 'admin', '21232f297a57a5a743894a0e4a801fc3', -1),
(4, 'Mar', 'b72fc79a542468798061772a356e7856', 1);

-- --------------------------------------------------------

--
-- Table structure for table `t_98home_head`
--

CREATE TABLE `t_98home_head` (
  `id` int(11) NOT NULL,
  `kode` varchar(25) NOT NULL,
  `flag` tinyint(4) NOT NULL DEFAULT '0'
) ENGINE=InnoDB DEFAULT CHARSET=latin1;

--
-- Dumping data for table `t_98home_head`
--

INSERT INTO `t_98home_head` (`id`, `kode`, `flag`) VALUES
(1, '0whats_new', 0),
(2, '1on_progress', 1),
(3, '2update', 1),
(4, '3pending', 1),
(5, '4todo', 1);

-- --------------------------------------------------------

--
-- Table structure for table `t_99home`
--

CREATE TABLE `t_99home` (
  `home_id` int(11) NOT NULL,
  `tgl` date DEFAULT NULL,
  `kat` varchar(50) DEFAULT NULL,
  `no_jdl` int(11) DEFAULT NULL,
  `jdl` varchar(100) DEFAULT NULL,
  `no_ket` int(11) DEFAULT NULL,
  `ket` text
) ENGINE=InnoDB DEFAULT CHARSET=latin1;

--
-- Dumping data for table `t_99home`
--

INSERT INTO `t_99home` (`home_id`, `tgl`, `kat`, `no_jdl`, `jdl`, `no_ket`, `ket`) VALUES
(1, '2017-10-15', '2update', 1, 'Transaksi - Retur Penjualan', NULL, NULL),
(2, '2017-10-11', '2update', 1, 'Laporan - Dead Stok', NULL, NULL),
(3, '2017-10-11', '2update', 2, 'Laporan - Mutasi Detail', NULL, NULL),
(4, '2017-10-07', '2update', 1, 'revisi Laporan - Stok: ditambah data dari transaksi \"Dead Stock\"', NULL, NULL),
(5, '2017-10-07', '2update', 2, 'revisi Laporan - Nilai Stok: ditambah data dari transaksi \"Dead Stock\"', NULL, NULL),
(6, '2017-10-07', '2update', 3, 'revisi Laporan - Mutasi: ditambah data dari transaksi \"Dead Stock\"', NULL, NULL),
(7, '2017-10-07', '2update', 4, 'revisi Laporan - Laba / Rugi Kotor: ditambah data dari transaksi \"Dead Stock\"', NULL, NULL),
(8, '2017-10-05', '2update', 1, 'Laporan - Laba / Rugi Kotor', NULL, NULL),
(9, '2017-10-04', '2update', 1, 'Laporan - Nilai Stok sudah benar', NULL, NULL),
(11, '2017-10-04', '2update', 2, 'alias nama item :', 1, 'nama item urutan pertama => untuk internal, urutan selanjutnya untuk eksternal'),
(12, '2017-10-04', '2update', 2, 'alias nama item :', 2, 'antar-urutan dipisahkan dengan tanda koma'),
(13, '2017-10-03', '2update', 1, 'Master - Customer', 1, 'by default : Customer menggunakan pilihan Nama Item urutan pertama, kecuali ada perubahan'),
(14, '2017-10-03', '2update', 2, 'Master - Item', 1, 'pemisahan urutan : dengan tanda koma'),
(15, '2017-09-28', '4todo', 1, '<strike>dead stok</strike>', NULL, NULL),
(16, '2017-09-28', '4todo', 2, '<strike>retur penjualan</strike>', NULL, NULL),
(17, '2017-09-28', '4todo', 3, '<strike>hak akses</strike>', NULL, NULL),
(18, '2017-09-28', '4todo', 4, '<strike>invoice</strike>', NULL, NULL),
(19, '2017-09-28', '4todo', 5, 'margin :: total per month, perlu menyertakan quantity', NULL, NULL),
(20, '2017-09-28', '4todo', 6, 'konversi satuan', NULL, NULL),
(21, '2017-09-28', '4todo', 7, 'stok opname', NULL, NULL),
(22, '2017-09-28', '4todo', 8, 'closing', NULL, NULL),
(23, '2017-09-28', '4todo', 9, 'backup', NULL, NULL),
(24, '2017-09-28', '4todo', 10, 'restore', NULL, NULL),
(25, '2017-10-19', '2update', 2, 'Laporan - Retur Penjualan', NULL, NULL),
(26, '2017-10-19', '2update', 1, 'revisi Laporan - Stok: ditambah data dari transaksi \"Retur Penjualan\"', NULL, NULL),
(28, '2017-10-20', '4todo', 1, 'history harga', NULL, NULL),
(29, '2017-10-20', '4todo', 2, '<strike>history hutang (internal)</strike>', NULL, NULL),
(30, '2017-10-20', '4todo', 3, '<strike>grouping kategori item</strike>', NULL, NULL),
(31, '2017-10-20', '4todo', 4, '<strike>perhitungan piutang berdasarkan total invoice</strike>', NULL, NULL),
(32, '2017-10-20', '4todo', 5, '<strike>harga jual otomatis tampil</strike>', NULL, NULL),
(33, '2017-10-25', '2update', 2, '<a href=\"t_13kategorilist.php\">Master - Item Kategori</a>', NULL, NULL),
(34, '2017-10-25', '2update', 1, '<a href=\"t_02itemlist.php\">Master - Item<a>', 1, 'menambahkan kolom KATEGORI;'),
(35, '2017-10-25', '2update', 1, '<a href=\"t_02itemlist.php\">Master - Item<a>', 2, 'menambahkan kolom satuan dan kolom harga jual;'),
(36, '2017-10-27', '2update', 1, 'Transaksi - Penjualan', 1, 'harga jual otomatis tampil;'),
(37, '2017-11-09', '2update', 1, 'Master - Hak Akses', NULL, NULL),
(38, '2017-11-09', '2update', 2, 'Cetak - Invoice', NULL, NULL),
(39, '2017-11-10', '2update', 1, 'Revisi Laporan Mutasi', 1, 'menambahkan perhitungan dari proses retur penjualan'),
(40, '2017-11-10', '2update', 2, 'Revisi Laporan Mutasi Detail', 1, 'menambahkan perhitungan dari proses retur penjualan'),
(41, '2017-11-10', '3pending', 1, 'input pembelian (branch assign)', 1, 'apakah perlu dibuatkan assign branch untuk proses pembelian ? mengingat branch bisa melakukan proses pembelian'),
(42, '2017-11-11', '2update', 1, 'Laporan - Drop Cash', NULL, NULL),
(43, '2017-11-15', '2update', 1, 'update kolom SISA di proses drop cash', NULL, NULL),
(44, '2017-11-11', '2update', 2, 'Laporan - Hutang Internal', NULL, NULL),
(45, '2017-11-11', '3pending', 2, 'hutang internal -> branch-based', 1, 'apakah perlu di-assign untuk setiap proses yang memerlukan pengelompokkan berdasarkan branch ? misal :: hutang internal'),
(46, '2017-11-11', '3pending', 2, 'hutang internal -> branch-based', 2, 'misal :: hutang internal Bojonegoro akan beda dengan hutang internal Surabaya'),
(47, '2017-11-15', '1on_progress', 1, 'perhitungan piutang berdasarkan total invoice', NULL, NULL),
(48, '2017-11-15', '3pending', 1, 'nilai invoice', 1, 'apakah nilai invoice pasti sama dengan nilai PO ?');

-- --------------------------------------------------------

--
-- Table structure for table `userlevelpermissions`
--

CREATE TABLE `userlevelpermissions` (
  `userlevelid` int(11) NOT NULL,
  `tablename` varchar(255) NOT NULL,
  `permission` int(11) NOT NULL
) ENGINE=InnoDB DEFAULT CHARSET=latin1;

--
-- Dumping data for table `userlevelpermissions`
--

INSERT INTO `userlevelpermissions` (`userlevelid`, `tablename`, `permission`) VALUES
(-2, '{060B3204-5918-44AF-94F8-5E569EA4DD7D}r_beli', 0),
(-2, '{060B3204-5918-44AF-94F8-5E569EA4DD7D}r_dead_stok', 0),
(-2, '{060B3204-5918-44AF-94F8-5E569EA4DD7D}r_hutang', 0),
(-2, '{060B3204-5918-44AF-94F8-5E569EA4DD7D}r_jual', 0),
(-2, '{060B3204-5918-44AF-94F8-5E569EA4DD7D}r_lr', 0),
(-2, '{060B3204-5918-44AF-94F8-5E569EA4DD7D}r_margin', 0),
(-2, '{060B3204-5918-44AF-94F8-5E569EA4DD7D}r_mutasi', 0),
(-2, '{060B3204-5918-44AF-94F8-5E569EA4DD7D}r_mutasi_detail', 0),
(-2, '{060B3204-5918-44AF-94F8-5E569EA4DD7D}r_nilai_stok', 0),
(-2, '{060B3204-5918-44AF-94F8-5E569EA4DD7D}r_piutang', 0),
(-2, '{060B3204-5918-44AF-94F8-5E569EA4DD7D}r_stok', 0),
(-2, '{060B3204-5918-44AF-94F8-5E569EA4DD7D}t_00audit_trail', 0),
(-2, '{060B3204-5918-44AF-94F8-5E569EA4DD7D}t_01vendor', 0),
(-2, '{060B3204-5918-44AF-94F8-5E569EA4DD7D}t_02item', 0),
(-2, '{060B3204-5918-44AF-94F8-5E569EA4DD7D}t_03satuan', 0),
(-2, '{060B3204-5918-44AF-94F8-5E569EA4DD7D}t_04beli', 0),
(-2, '{060B3204-5918-44AF-94F8-5E569EA4DD7D}t_05customer', 0),
(-2, '{060B3204-5918-44AF-94F8-5E569EA4DD7D}t_06jual', 0),
(-2, '{060B3204-5918-44AF-94F8-5E569EA4DD7D}t_07jual_detail', 0),
(-2, '{060B3204-5918-44AF-94F8-5E569EA4DD7D}t_08item_saldo', 0),
(-2, '{060B3204-5918-44AF-94F8-5E569EA4DD7D}t_09nilai_stok', 0),
(-2, '{060B3204-5918-44AF-94F8-5E569EA4DD7D}t_10sap', 0),
(-2, '{060B3204-5918-44AF-94F8-5E569EA4DD7D}t_11dead_stok', 0),
(-2, '{060B3204-5918-44AF-94F8-5E569EA4DD7D}t_12retur', 0),
(-2, '{060B3204-5918-44AF-94F8-5E569EA4DD7D}v_01beli_laporan', 0),
(-2, '{060B3204-5918-44AF-94F8-5E569EA4DD7D}v_02jual_laporan', 0),
(-2, '{060B3204-5918-44AF-94F8-5E569EA4DD7D}v_03masuk', 0),
(-2, '{060B3204-5918-44AF-94F8-5E569EA4DD7D}v_04keluar', 0),
(-2, '{060B3204-5918-44AF-94F8-5E569EA4DD7D}v_05stok', 0),
(-2, '{060B3204-5918-44AF-94F8-5E569EA4DD7D}v_06transaksi', 0),
(-2, '{060B3204-5918-44AF-94F8-5E569EA4DD7D}v_07mutasi', 0),
(-2, '{060B3204-5918-44AF-94F8-5E569EA4DD7D}v_08harga_jual_terakhir', 0),
(-2, '{060B3204-5918-44AF-94F8-5E569EA4DD7D}v_09margin', 0),
(-2, '{060B3204-5918-44AF-94F8-5E569EA4DD7D}v_10hutang', 0),
(-2, '{060B3204-5918-44AF-94F8-5E569EA4DD7D}v_11piutang', 0),
(-2, '{060B3204-5918-44AF-94F8-5E569EA4DD7D}v_12nilai_stok', 0),
(-2, '{060B3204-5918-44AF-94F8-5E569EA4DD7D}v_13beli', 0),
(-2, '{060B3204-5918-44AF-94F8-5E569EA4DD7D}v_14jual_detail', 0),
(-2, '{060B3204-5918-44AF-94F8-5E569EA4DD7D}v_15penjualan', 0),
(-2, '{060B3204-5918-44AF-94F8-5E569EA4DD7D}v_16hpp', 0),
(-2, '{060B3204-5918-44AF-94F8-5E569EA4DD7D}v_17mutasi_detail', 0),
(-2, '{060B3204-5918-44AF-94F8-5E569EA4DD7D}v_18dead_stok', 0),
(-2, '{939D1C58-B1B5-41D0-A0B9-205FEFFF0852}cf_00home.php', 0),
(-2, '{939D1C58-B1B5-41D0-A0B9-205FEFFF0852}cf_01hitung_nilai_stok.php', 0),
(-2, '{939D1C58-B1B5-41D0-A0B9-205FEFFF0852}cf_02hitung_lr.php', 0),
(-2, '{939D1C58-B1B5-41D0-A0B9-205FEFFF0852}cf_03home2.php', 8),
(-2, '{939D1C58-B1B5-41D0-A0B9-205FEFFF0852}t_00audit_trail', 0),
(-2, '{939D1C58-B1B5-41D0-A0B9-205FEFFF0852}t_01vendor', 0),
(-2, '{939D1C58-B1B5-41D0-A0B9-205FEFFF0852}t_02item', 0),
(-2, '{939D1C58-B1B5-41D0-A0B9-205FEFFF0852}t_03satuan', 0),
(-2, '{939D1C58-B1B5-41D0-A0B9-205FEFFF0852}t_04beli', 0),
(-2, '{939D1C58-B1B5-41D0-A0B9-205FEFFF0852}t_05customer', 0),
(-2, '{939D1C58-B1B5-41D0-A0B9-205FEFFF0852}t_06jual', 0),
(-2, '{939D1C58-B1B5-41D0-A0B9-205FEFFF0852}t_07jual_detail', 0),
(-2, '{939D1C58-B1B5-41D0-A0B9-205FEFFF0852}t_08item_saldo', 0),
(-2, '{939D1C58-B1B5-41D0-A0B9-205FEFFF0852}t_09nilai_stok', 0),
(-2, '{939D1C58-B1B5-41D0-A0B9-205FEFFF0852}t_10sap', 0),
(-2, '{939D1C58-B1B5-41D0-A0B9-205FEFFF0852}t_11dead_stok', 0),
(-2, '{939D1C58-B1B5-41D0-A0B9-205FEFFF0852}t_12retur', 0),
(-2, '{939D1C58-B1B5-41D0-A0B9-205FEFFF0852}t_13kategori', 0),
(-2, '{939D1C58-B1B5-41D0-A0B9-205FEFFF0852}t_14drop_cash', 0),
(-2, '{939D1C58-B1B5-41D0-A0B9-205FEFFF0852}t_15branch', 0),
(-2, '{939D1C58-B1B5-41D0-A0B9-205FEFFF0852}t_95userlevels', 0),
(-2, '{939D1C58-B1B5-41D0-A0B9-205FEFFF0852}t_96userlevelpermissions', 0),
(-2, '{939D1C58-B1B5-41D0-A0B9-205FEFFF0852}t_97user', 0),
(-2, '{939D1C58-B1B5-41D0-A0B9-205FEFFF0852}t_98home_head', 0),
(-2, '{939D1C58-B1B5-41D0-A0B9-205FEFFF0852}t_99home', 0),
(-2, '{939D1C58-B1B5-41D0-A0B9-205FEFFF0852}userlevelpermissions', 0),
(-2, '{939D1C58-B1B5-41D0-A0B9-205FEFFF0852}userlevels', 0),
(-2, '{939D1C58-B1B5-41D0-A0B9-205FEFFF0852}v_01beli_laporan', 0),
(-2, '{939D1C58-B1B5-41D0-A0B9-205FEFFF0852}v_02jual_laporan', 0),
(-2, '{939D1C58-B1B5-41D0-A0B9-205FEFFF0852}v_03masuk', 0),
(-2, '{939D1C58-B1B5-41D0-A0B9-205FEFFF0852}v_04keluar', 0),
(-2, '{939D1C58-B1B5-41D0-A0B9-205FEFFF0852}v_05stok', 0),
(-2, '{939D1C58-B1B5-41D0-A0B9-205FEFFF0852}v_06transaksi', 0),
(-2, '{939D1C58-B1B5-41D0-A0B9-205FEFFF0852}v_07mutasi', 0),
(-2, '{939D1C58-B1B5-41D0-A0B9-205FEFFF0852}v_08harga_jual_terakhir', 0),
(-2, '{939D1C58-B1B5-41D0-A0B9-205FEFFF0852}v_09margin', 0),
(-2, '{939D1C58-B1B5-41D0-A0B9-205FEFFF0852}v_10hutang', 0),
(-2, '{939D1C58-B1B5-41D0-A0B9-205FEFFF0852}v_11piutang', 0),
(-2, '{939D1C58-B1B5-41D0-A0B9-205FEFFF0852}v_12nilai_stok', 0),
(-2, '{939D1C58-B1B5-41D0-A0B9-205FEFFF0852}v_13beli', 0),
(-2, '{939D1C58-B1B5-41D0-A0B9-205FEFFF0852}v_14jual_detail', 0),
(-2, '{939D1C58-B1B5-41D0-A0B9-205FEFFF0852}v_15penjualan', 0),
(-2, '{939D1C58-B1B5-41D0-A0B9-205FEFFF0852}v_16hpp', 0),
(-2, '{939D1C58-B1B5-41D0-A0B9-205FEFFF0852}v_17mutasi_detail', 0),
(-2, '{939D1C58-B1B5-41D0-A0B9-205FEFFF0852}v_18dead_stok', 0),
(0, '{060B3204-5918-44AF-94F8-5E569EA4DD7D}r_beli', 0),
(0, '{060B3204-5918-44AF-94F8-5E569EA4DD7D}r_dead_stok', 0),
(0, '{060B3204-5918-44AF-94F8-5E569EA4DD7D}r_hutang', 0),
(0, '{060B3204-5918-44AF-94F8-5E569EA4DD7D}r_jual', 0),
(0, '{060B3204-5918-44AF-94F8-5E569EA4DD7D}r_margin', 0),
(0, '{060B3204-5918-44AF-94F8-5E569EA4DD7D}r_mutasi', 0),
(0, '{060B3204-5918-44AF-94F8-5E569EA4DD7D}r_mutasi_detail', 0),
(0, '{060B3204-5918-44AF-94F8-5E569EA4DD7D}r_piutang', 0),
(0, '{060B3204-5918-44AF-94F8-5E569EA4DD7D}r_stok', 0),
(0, '{060B3204-5918-44AF-94F8-5E569EA4DD7D}t_12retur', 0),
(0, '{939D1C58-B1B5-41D0-A0B9-205FEFFF0852}cf_00home.php', 0),
(0, '{939D1C58-B1B5-41D0-A0B9-205FEFFF0852}cf_01hitung_nilai_stok.php', 0),
(0, '{939D1C58-B1B5-41D0-A0B9-205FEFFF0852}cf_02hitung_lr.php', 0),
(0, '{939D1C58-B1B5-41D0-A0B9-205FEFFF0852}cf_03home2.php', 8),
(0, '{939D1C58-B1B5-41D0-A0B9-205FEFFF0852}t_00audit_trail', 0),
(0, '{939D1C58-B1B5-41D0-A0B9-205FEFFF0852}t_01vendor', 0),
(0, '{939D1C58-B1B5-41D0-A0B9-205FEFFF0852}t_02item', 0),
(0, '{939D1C58-B1B5-41D0-A0B9-205FEFFF0852}t_03satuan', 0),
(0, '{939D1C58-B1B5-41D0-A0B9-205FEFFF0852}t_04beli', 0),
(0, '{939D1C58-B1B5-41D0-A0B9-205FEFFF0852}t_05customer', 0),
(0, '{939D1C58-B1B5-41D0-A0B9-205FEFFF0852}t_06jual', 0),
(0, '{939D1C58-B1B5-41D0-A0B9-205FEFFF0852}t_07jual_detail', 0),
(0, '{939D1C58-B1B5-41D0-A0B9-205FEFFF0852}t_08item_saldo', 0),
(0, '{939D1C58-B1B5-41D0-A0B9-205FEFFF0852}t_09nilai_stok', 0),
(0, '{939D1C58-B1B5-41D0-A0B9-205FEFFF0852}t_10sap', 0),
(0, '{939D1C58-B1B5-41D0-A0B9-205FEFFF0852}t_11dead_stok', 0),
(0, '{939D1C58-B1B5-41D0-A0B9-205FEFFF0852}t_12retur', 0),
(0, '{939D1C58-B1B5-41D0-A0B9-205FEFFF0852}t_13kategori', 0),
(0, '{939D1C58-B1B5-41D0-A0B9-205FEFFF0852}t_14drop_cash', 0),
(0, '{939D1C58-B1B5-41D0-A0B9-205FEFFF0852}t_15branch', 0),
(0, '{939D1C58-B1B5-41D0-A0B9-205FEFFF0852}t_95userlevels', 0),
(0, '{939D1C58-B1B5-41D0-A0B9-205FEFFF0852}t_96userlevelpermissions', 0),
(0, '{939D1C58-B1B5-41D0-A0B9-205FEFFF0852}t_97user', 0),
(0, '{939D1C58-B1B5-41D0-A0B9-205FEFFF0852}t_98home_head', 0),
(0, '{939D1C58-B1B5-41D0-A0B9-205FEFFF0852}t_99home', 0),
(0, '{939D1C58-B1B5-41D0-A0B9-205FEFFF0852}userlevelpermissions', 0),
(0, '{939D1C58-B1B5-41D0-A0B9-205FEFFF0852}userlevels', 0),
(0, '{939D1C58-B1B5-41D0-A0B9-205FEFFF0852}v_01beli_laporan', 0),
(0, '{939D1C58-B1B5-41D0-A0B9-205FEFFF0852}v_02jual_laporan', 0),
(0, '{939D1C58-B1B5-41D0-A0B9-205FEFFF0852}v_03masuk', 0),
(0, '{939D1C58-B1B5-41D0-A0B9-205FEFFF0852}v_04keluar', 0),
(0, '{939D1C58-B1B5-41D0-A0B9-205FEFFF0852}v_05stok', 0),
(0, '{939D1C58-B1B5-41D0-A0B9-205FEFFF0852}v_06transaksi', 0),
(0, '{939D1C58-B1B5-41D0-A0B9-205FEFFF0852}v_07mutasi', 0),
(0, '{939D1C58-B1B5-41D0-A0B9-205FEFFF0852}v_08harga_jual_terakhir', 0),
(0, '{939D1C58-B1B5-41D0-A0B9-205FEFFF0852}v_09margin', 0),
(0, '{939D1C58-B1B5-41D0-A0B9-205FEFFF0852}v_10hutang', 0),
(0, '{939D1C58-B1B5-41D0-A0B9-205FEFFF0852}v_11piutang', 0),
(0, '{939D1C58-B1B5-41D0-A0B9-205FEFFF0852}v_12nilai_stok', 0),
(0, '{939D1C58-B1B5-41D0-A0B9-205FEFFF0852}v_13beli', 0),
(0, '{939D1C58-B1B5-41D0-A0B9-205FEFFF0852}v_14jual_detail', 0),
(0, '{939D1C58-B1B5-41D0-A0B9-205FEFFF0852}v_15penjualan', 0),
(0, '{939D1C58-B1B5-41D0-A0B9-205FEFFF0852}v_16hpp', 0),
(0, '{939D1C58-B1B5-41D0-A0B9-205FEFFF0852}v_17mutasi_detail', 0),
(0, '{939D1C58-B1B5-41D0-A0B9-205FEFFF0852}v_18dead_stok', 0),
(1, '{060B3204-5918-44AF-94F8-5E569EA4DD7D}r_beli', 111),
(1, '{060B3204-5918-44AF-94F8-5E569EA4DD7D}r_dead_stok', 111),
(1, '{060B3204-5918-44AF-94F8-5E569EA4DD7D}r_hutang', 111),
(1, '{060B3204-5918-44AF-94F8-5E569EA4DD7D}r_jual', 0),
(1, '{060B3204-5918-44AF-94F8-5E569EA4DD7D}r_lr', 111),
(1, '{060B3204-5918-44AF-94F8-5E569EA4DD7D}r_margin', 0),
(1, '{060B3204-5918-44AF-94F8-5E569EA4DD7D}r_mutasi', 111),
(1, '{060B3204-5918-44AF-94F8-5E569EA4DD7D}r_mutasi_detail', 111),
(1, '{060B3204-5918-44AF-94F8-5E569EA4DD7D}r_nilai_stok', 111),
(1, '{060B3204-5918-44AF-94F8-5E569EA4DD7D}r_piutang', 0),
(1, '{060B3204-5918-44AF-94F8-5E569EA4DD7D}r_stok', 111),
(1, '{060B3204-5918-44AF-94F8-5E569EA4DD7D}t_00audit_trail', 111),
(1, '{060B3204-5918-44AF-94F8-5E569EA4DD7D}t_01vendor', 111),
(1, '{060B3204-5918-44AF-94F8-5E569EA4DD7D}t_02item', 111),
(1, '{060B3204-5918-44AF-94F8-5E569EA4DD7D}t_03satuan', 111),
(1, '{060B3204-5918-44AF-94F8-5E569EA4DD7D}t_04beli', 111),
(1, '{060B3204-5918-44AF-94F8-5E569EA4DD7D}t_05customer', 111),
(1, '{060B3204-5918-44AF-94F8-5E569EA4DD7D}t_06jual', 111),
(1, '{060B3204-5918-44AF-94F8-5E569EA4DD7D}t_07jual_detail', 111),
(1, '{060B3204-5918-44AF-94F8-5E569EA4DD7D}t_08item_saldo', 111),
(1, '{060B3204-5918-44AF-94F8-5E569EA4DD7D}t_09nilai_stok', 111),
(1, '{060B3204-5918-44AF-94F8-5E569EA4DD7D}t_10sap', 111),
(1, '{060B3204-5918-44AF-94F8-5E569EA4DD7D}t_11dead_stok', 111),
(1, '{060B3204-5918-44AF-94F8-5E569EA4DD7D}t_12retur', 0),
(1, '{060B3204-5918-44AF-94F8-5E569EA4DD7D}v_01beli_laporan', 111),
(1, '{060B3204-5918-44AF-94F8-5E569EA4DD7D}v_02jual_laporan', 111),
(1, '{060B3204-5918-44AF-94F8-5E569EA4DD7D}v_03masuk', 111),
(1, '{060B3204-5918-44AF-94F8-5E569EA4DD7D}v_04keluar', 111),
(1, '{060B3204-5918-44AF-94F8-5E569EA4DD7D}v_05stok', 111),
(1, '{060B3204-5918-44AF-94F8-5E569EA4DD7D}v_06transaksi', 111),
(1, '{060B3204-5918-44AF-94F8-5E569EA4DD7D}v_07mutasi', 111),
(1, '{060B3204-5918-44AF-94F8-5E569EA4DD7D}v_08harga_jual_terakhir', 111),
(1, '{060B3204-5918-44AF-94F8-5E569EA4DD7D}v_09margin', 111),
(1, '{060B3204-5918-44AF-94F8-5E569EA4DD7D}v_10hutang', 111),
(1, '{060B3204-5918-44AF-94F8-5E569EA4DD7D}v_11piutang', 111),
(1, '{060B3204-5918-44AF-94F8-5E569EA4DD7D}v_12nilai_stok', 111),
(1, '{060B3204-5918-44AF-94F8-5E569EA4DD7D}v_13beli', 111),
(1, '{060B3204-5918-44AF-94F8-5E569EA4DD7D}v_14jual_detail', 111),
(1, '{060B3204-5918-44AF-94F8-5E569EA4DD7D}v_15penjualan', 111),
(1, '{060B3204-5918-44AF-94F8-5E569EA4DD7D}v_16hpp', 111),
(1, '{060B3204-5918-44AF-94F8-5E569EA4DD7D}v_17mutasi_detail', 111),
(1, '{060B3204-5918-44AF-94F8-5E569EA4DD7D}v_18dead_stok', 111),
(1, '{939D1C58-B1B5-41D0-A0B9-205FEFFF0852}cf_01hitung_nilai_stok.php', 0),
(1, '{939D1C58-B1B5-41D0-A0B9-205FEFFF0852}cf_02hitung_lr.php', 0),
(1, '{939D1C58-B1B5-41D0-A0B9-205FEFFF0852}cf_03home2.php', 8),
(1, '{939D1C58-B1B5-41D0-A0B9-205FEFFF0852}t_00audit_trail', 111),
(1, '{939D1C58-B1B5-41D0-A0B9-205FEFFF0852}t_01vendor', 109),
(1, '{939D1C58-B1B5-41D0-A0B9-205FEFFF0852}t_02item', 109),
(1, '{939D1C58-B1B5-41D0-A0B9-205FEFFF0852}t_03satuan', 109),
(1, '{939D1C58-B1B5-41D0-A0B9-205FEFFF0852}t_04beli', 109),
(1, '{939D1C58-B1B5-41D0-A0B9-205FEFFF0852}t_05customer', 0),
(1, '{939D1C58-B1B5-41D0-A0B9-205FEFFF0852}t_06jual', 0),
(1, '{939D1C58-B1B5-41D0-A0B9-205FEFFF0852}t_07jual_detail', 0),
(1, '{939D1C58-B1B5-41D0-A0B9-205FEFFF0852}t_08item_saldo', 0),
(1, '{939D1C58-B1B5-41D0-A0B9-205FEFFF0852}t_09nilai_stok', 111),
(1, '{939D1C58-B1B5-41D0-A0B9-205FEFFF0852}t_10sap', 111),
(1, '{939D1C58-B1B5-41D0-A0B9-205FEFFF0852}t_11dead_stok', 0),
(1, '{939D1C58-B1B5-41D0-A0B9-205FEFFF0852}t_12retur', 0),
(1, '{939D1C58-B1B5-41D0-A0B9-205FEFFF0852}t_13kategori', 111),
(1, '{939D1C58-B1B5-41D0-A0B9-205FEFFF0852}t_14drop_cash', 0),
(1, '{939D1C58-B1B5-41D0-A0B9-205FEFFF0852}t_15branch', 0),
(1, '{939D1C58-B1B5-41D0-A0B9-205FEFFF0852}t_95userlevels', 111),
(1, '{939D1C58-B1B5-41D0-A0B9-205FEFFF0852}t_96userlevelpermissions', 111),
(1, '{939D1C58-B1B5-41D0-A0B9-205FEFFF0852}t_97user', 111),
(1, '{939D1C58-B1B5-41D0-A0B9-205FEFFF0852}t_98home_head', 111),
(1, '{939D1C58-B1B5-41D0-A0B9-205FEFFF0852}t_99home', 111),
(1, '{939D1C58-B1B5-41D0-A0B9-205FEFFF0852}userlevelpermissions', 111),
(1, '{939D1C58-B1B5-41D0-A0B9-205FEFFF0852}userlevels', 111),
(1, '{939D1C58-B1B5-41D0-A0B9-205FEFFF0852}v_01beli_laporan', 111),
(1, '{939D1C58-B1B5-41D0-A0B9-205FEFFF0852}v_02jual_laporan', 111),
(1, '{939D1C58-B1B5-41D0-A0B9-205FEFFF0852}v_03masuk', 111),
(1, '{939D1C58-B1B5-41D0-A0B9-205FEFFF0852}v_04keluar', 111),
(1, '{939D1C58-B1B5-41D0-A0B9-205FEFFF0852}v_05stok', 111),
(1, '{939D1C58-B1B5-41D0-A0B9-205FEFFF0852}v_06transaksi', 111),
(1, '{939D1C58-B1B5-41D0-A0B9-205FEFFF0852}v_07mutasi', 111),
(1, '{939D1C58-B1B5-41D0-A0B9-205FEFFF0852}v_08harga_jual_terakhir', 111),
(1, '{939D1C58-B1B5-41D0-A0B9-205FEFFF0852}v_09margin', 111),
(1, '{939D1C58-B1B5-41D0-A0B9-205FEFFF0852}v_10hutang', 111),
(1, '{939D1C58-B1B5-41D0-A0B9-205FEFFF0852}v_11piutang', 111),
(1, '{939D1C58-B1B5-41D0-A0B9-205FEFFF0852}v_12nilai_stok', 111),
(1, '{939D1C58-B1B5-41D0-A0B9-205FEFFF0852}v_13beli', 111),
(1, '{939D1C58-B1B5-41D0-A0B9-205FEFFF0852}v_14jual_detail', 111),
(1, '{939D1C58-B1B5-41D0-A0B9-205FEFFF0852}v_15penjualan', 111),
(1, '{939D1C58-B1B5-41D0-A0B9-205FEFFF0852}v_16hpp', 111);

-- --------------------------------------------------------

--
-- Table structure for table `userlevels`
--

CREATE TABLE `userlevels` (
  `userlevelid` int(11) NOT NULL,
  `userlevelname` varchar(255) NOT NULL
) ENGINE=InnoDB DEFAULT CHARSET=latin1;

--
-- Dumping data for table `userlevels`
--

INSERT INTO `userlevels` (`userlevelid`, `userlevelname`) VALUES
(-2, 'Anonymous'),
(-1, 'Administrator'),
(0, 'Default'),
(1, 'Pembelian');

-- --------------------------------------------------------

--
-- Stand-in structure for view `v_01beli_laporan`
-- (See below for the actual view)
--
CREATE TABLE `v_01beli_laporan` (
`beli_id` int(11)
,`tgl_beli` date
,`tgl_kirim` date
,`vendor_nama` varchar(100)
,`item_nama` varchar(100)
,`qty` float(14,2)
,`satuan_nama` varchar(50)
,`harga` float(14,2)
,`sub_total` float(14,2)
,`tgl_dp` date
,`jml_dp` float(14,2)
,`tgl_lunas` date
,`jml_lunas` float(14,2)
,`dc_id` int(11)
);

-- --------------------------------------------------------

--
-- Stand-in structure for view `v_02jual_laporan`
-- (See below for the actual view)
--
CREATE TABLE `v_02jual_laporan` (
`jual_id` int(11)
,`no_po` varchar(50)
,`tgl` date
,`customer_nama` varchar(100)
,`total` float(14,2)
,`tgl_kirim` date
,`item_nama` varchar(100)
,`qty` float(14,2)
,`satuan_nama` varchar(50)
,`harga` float(14,2)
,`sub_total` float(14,2)
,`inv_no` varchar(50)
,`inv_tgl` date
);

-- --------------------------------------------------------

--
-- Stand-in structure for view `v_03masuk`
-- (See below for the actual view)
--
CREATE TABLE `v_03masuk` (
`item_id` int(11)
,`masuk` double(19,2)
);

-- --------------------------------------------------------

--
-- Stand-in structure for view `v_04keluar`
-- (See below for the actual view)
--
CREATE TABLE `v_04keluar` (
`item_id` int(11)
,`keluar` double(19,2)
);

-- --------------------------------------------------------

--
-- Stand-in structure for view `v_05stok`
-- (See below for the actual view)
--
CREATE TABLE `v_05stok` (
`item_id` int(11)
,`item_nama` varchar(100)
,`masuk` double(19,2)
,`keluar` double(19,2)
,`saldo` double(19,2)
);

-- --------------------------------------------------------

--
-- Stand-in structure for view `v_06transaksi`
-- (See below for the actual view)
--
CREATE TABLE `v_06transaksi` (
`item_id` int(11)
,`item_nama` varchar(100)
,`tgl` date
,`vendor_customer` varchar(100)
,`qty` float
,`jenis` varchar(1)
,`satuan_nama` varchar(50)
,`harga` float
,`sub_total` float
,`detail_id` int(11)
);

-- --------------------------------------------------------

--
-- Stand-in structure for view `v_07mutasi`
-- (See below for the actual view)
--
CREATE TABLE `v_07mutasi` (
`item_id` int(11)
,`item_nama` varchar(100)
,`tgl` date
,`masuk` float
,`keluar` float
,`saldo` float
,`jenis` varchar(1)
,`detail_id` bigint(20)
);

-- --------------------------------------------------------

--
-- Stand-in structure for view `v_08harga_jual_terakhir`
-- (See below for the actual view)
--
CREATE TABLE `v_08harga_jual_terakhir` (
`tgl_kirim_terakhir` date
,`item_id` int(11)
,`harga` float(14,2)
);

-- --------------------------------------------------------

--
-- Stand-in structure for view `v_09margin`
-- (See below for the actual view)
--
CREATE TABLE `v_09margin` (
`vendor_nama` varchar(100)
,`item_nama` varchar(100)
,`satuan_nama` varchar(50)
,`harga_beli` float(14,2)
,`harga_jual` float(14,2)
,`margin_rp` double(19,2)
,`margin_prosen` double(23,6)
);

-- --------------------------------------------------------

--
-- Stand-in structure for view `v_10hutang`
-- (See below for the actual view)
--
CREATE TABLE `v_10hutang` (
`vendor_nama` varchar(100)
,`tot_hutang` double(19,2)
,`tot_dp` double(19,2)
,`tot_lunas` double(19,2)
,`sisa` double(19,2)
);

-- --------------------------------------------------------

--
-- Stand-in structure for view `v_11piutang`
-- (See below for the actual view)
--
CREATE TABLE `v_11piutang` (
`no_po` varchar(50)
,`tgl` date
,`customer_nama` varchar(100)
,`tot_piutang` float(14,2)
,`inv_no` varchar(50)
,`inv_tgl` date
,`inv_jml` float(14,2)
,`bayar_tgl` date
,`tot_bayar` float(14,2)
,`sisa` double(19,2)
);

-- --------------------------------------------------------

--
-- Stand-in structure for view `v_12nilai_stok`
-- (See below for the actual view)
--
CREATE TABLE `v_12nilai_stok` (
`item_id` int(11)
,`item_nama` varchar(100)
,`detail_id` int(11)
,`tgl` date
,`vendor_customer` varchar(100)
,`qty` float
,`jenis` varchar(1)
,`satuan_nama` varchar(50)
,`harga` float
,`sub_total` float
);

-- --------------------------------------------------------

--
-- Stand-in structure for view `v_13beli`
-- (See below for the actual view)
--
CREATE TABLE `v_13beli` (
`beli_id` int(11)
,`tgl_beli` date
,`tgl_kirim` date
,`vendor_id` int(11)
,`item_id` int(11)
,`qty` float(14,2)
,`satuan_id` int(11)
,`harga` float(14,2)
,`sub_total` float(14,2)
,`tgl_dp` date
,`jml_dp` float(14,2)
,`tgl_lunas` date
,`jml_lunas` float(14,2)
);

-- --------------------------------------------------------

--
-- Stand-in structure for view `v_14jual_detail`
-- (See below for the actual view)
--
CREATE TABLE `v_14jual_detail` (
`jual_detail_id` int(11)
,`jual_id` int(11)
,`tgl_kirim` date
,`item_id` int(11)
,`qty` float(14,2)
,`satuan_id` int(11)
,`harga` float(14,2)
,`sub_total` float(14,2)
);

-- --------------------------------------------------------

--
-- Stand-in structure for view `v_15penjualan`
-- (See below for the actual view)
--
CREATE TABLE `v_15penjualan` (
`item_id` int(11)
,`penjualan` double(19,2)
);

-- --------------------------------------------------------

--
-- Stand-in structure for view `v_16hpp`
-- (See below for the actual view)
--
CREATE TABLE `v_16hpp` (
`item_id` int(11)
,`item_nama` varchar(100)
,`sap` float(15,2)
,`hpp` double(19,2)
,`penjualan` double(19,2)
,`lr_kotor` double(19,2)
);

-- --------------------------------------------------------

--
-- Stand-in structure for view `v_17mutasi_detail`
-- (See below for the actual view)
--
CREATE TABLE `v_17mutasi_detail` (
`item_id` int(11)
,`item_nama` varchar(100)
,`tgl` date
,`ket` varchar(100)
,`masuk` float
,`keluar` float
,`saldo` float
,`jenis` varchar(1)
,`detail_id` bigint(20)
);

-- --------------------------------------------------------

--
-- Stand-in structure for view `v_18dead_stok`
-- (See below for the actual view)
--
CREATE TABLE `v_18dead_stok` (
`dead_stok_id` int(11)
,`tgl` date
,`item_id` int(11)
,`qty` float(15,2)
,`satuan_id` int(11)
,`item_nama` varchar(100)
,`satuan_nama` varchar(50)
);

-- --------------------------------------------------------

--
-- Stand-in structure for view `v_19drop_cash`
-- (See below for the actual view)
--
CREATE TABLE `v_19drop_cash` (
`tgl` date
,`jumlah` float(14,2)
,`tujuan` int(11)
,`pemakaian_total` float(14,2)
,`sisa` float(14,2)
,`beli_id` int(11)
,`tgl_beli` date
,`tgl_kirim` date
,`vendor_nama` varchar(100)
,`item_nama` varchar(100)
,`qty` float(14,2)
,`satuan_nama` varchar(50)
,`harga` float(14,2)
,`sub_total` float(14,2)
,`tgl_dp` date
,`jml_dp` float(14,2)
,`tgl_lunas` date
,`jml_lunas` float(14,2)
,`dc_id` int(11)
,`branch_nama` varchar(100)
);

-- --------------------------------------------------------

--
-- Structure for view `v_01beli_laporan`
--
DROP TABLE IF EXISTS `v_01beli_laporan`;

CREATE ALGORITHM=UNDEFINED DEFINER=`root`@`localhost` SQL SECURITY DEFINER VIEW `v_01beli_laporan`  AS  select `t_04beli`.`beli_id` AS `beli_id`,`t_04beli`.`tgl_beli` AS `tgl_beli`,`t_04beli`.`tgl_kirim` AS `tgl_kirim`,`t_01vendor`.`vendor_nama` AS `vendor_nama`,`t_02item`.`item_nama` AS `item_nama`,`t_04beli`.`qty` AS `qty`,`t_03satuan`.`satuan_nama` AS `satuan_nama`,`t_04beli`.`harga` AS `harga`,`t_04beli`.`sub_total` AS `sub_total`,`t_04beli`.`tgl_dp` AS `tgl_dp`,`t_04beli`.`jml_dp` AS `jml_dp`,`t_04beli`.`tgl_lunas` AS `tgl_lunas`,`t_04beli`.`jml_lunas` AS `jml_lunas`,`t_04beli`.`dc_id` AS `dc_id` from (((`t_04beli` join `t_01vendor` on((`t_04beli`.`vendor_id` = `t_01vendor`.`vendor_id`))) join `t_02item` on((`t_04beli`.`item_id` = `t_02item`.`item_id`))) join `t_03satuan` on((`t_04beli`.`satuan_id` = `t_03satuan`.`satuan_id`))) ;

-- --------------------------------------------------------

--
-- Structure for view `v_02jual_laporan`
--
DROP TABLE IF EXISTS `v_02jual_laporan`;

CREATE ALGORITHM=UNDEFINED DEFINER=`root`@`localhost` SQL SECURITY DEFINER VIEW `v_02jual_laporan`  AS  select `t_06jual`.`jual_id` AS `jual_id`,`t_06jual`.`no_po` AS `no_po`,`t_06jual`.`tgl` AS `tgl`,`t_05customer`.`customer_nama` AS `customer_nama`,`t_06jual`.`total` AS `total`,`t_07jual_detail`.`tgl_kirim` AS `tgl_kirim`,`t_02item`.`item_nama` AS `item_nama`,`t_07jual_detail`.`qty` AS `qty`,`t_03satuan`.`satuan_nama` AS `satuan_nama`,`t_07jual_detail`.`harga` AS `harga`,`t_07jual_detail`.`sub_total` AS `sub_total`,`t_06jual`.`inv_no` AS `inv_no`,`t_06jual`.`inv_tgl` AS `inv_tgl` from ((((`t_06jual` join `t_07jual_detail` on((`t_06jual`.`jual_id` = `t_07jual_detail`.`jual_id`))) join `t_05customer` on((`t_06jual`.`customer_id` = `t_05customer`.`customer_id`))) join `t_02item` on((`t_07jual_detail`.`item_id` = `t_02item`.`item_id`))) join `t_03satuan` on((`t_07jual_detail`.`satuan_id` = `t_03satuan`.`satuan_id`))) ;

-- --------------------------------------------------------

--
-- Structure for view `v_03masuk`
--
DROP TABLE IF EXISTS `v_03masuk`;

CREATE ALGORITHM=UNDEFINED DEFINER=`root`@`localhost` SQL SECURITY DEFINER VIEW `v_03masuk`  AS  select `t_04beli`.`item_id` AS `item_id`,sum(`t_04beli`.`qty`) AS `masuk` from `t_04beli` group by `t_04beli`.`item_id` ;

-- --------------------------------------------------------

--
-- Structure for view `v_04keluar`
--
DROP TABLE IF EXISTS `v_04keluar`;

CREATE ALGORITHM=UNDEFINED DEFINER=`root`@`localhost` SQL SECURITY DEFINER VIEW `v_04keluar`  AS  select `t_07jual_detail`.`item_id` AS `item_id`,sum(`t_07jual_detail`.`qty`) AS `keluar` from `t_07jual_detail` group by `t_07jual_detail`.`item_id` ;

-- --------------------------------------------------------

--
-- Structure for view `v_05stok`
--
DROP TABLE IF EXISTS `v_05stok`;

CREATE ALGORITHM=UNDEFINED DEFINER=`root`@`localhost` SQL SECURITY DEFINER VIEW `v_05stok`  AS  select `a`.`item_id` AS `item_id`,`a`.`item_nama` AS `item_nama`,((case when isnull(`b`.`masuk`) then 0 else `b`.`masuk` end) + (case when isnull(`d`.`qty`) then 0 else `d`.`qty` end)) AS `masuk`,(((case when isnull(`c`.`keluar`) then 0 else `c`.`keluar` end) + (case when isnull(`e`.`qty`) then 0 else `e`.`qty` end)) + (case when isnull(`f`.`qty`) then 0 else `f`.`qty` end)) AS `keluar`,(((case when isnull(`b`.`masuk`) then 0 else `b`.`masuk` end) + (case when isnull(`d`.`qty`) then 0 else `d`.`qty` end)) - (((case when isnull(`c`.`keluar`) then 0 else `c`.`keluar` end) + (case when isnull(`e`.`qty`) then 0 else `e`.`qty` end)) + (case when isnull(`f`.`qty`) then 0 else `f`.`qty` end))) AS `saldo` from (((((`t_02item` `a` left join `v_03masuk` `b` on((`a`.`item_id` = `b`.`item_id`))) left join `v_04keluar` `c` on((`a`.`item_id` = `c`.`item_id`))) left join `t_08item_saldo` `d` on((`a`.`item_id` = `d`.`item_id`))) left join `t_11dead_stok` `e` on((`a`.`item_id` = `e`.`item_id`))) left join `t_12retur` `f` on((`a`.`item_id` = `f`.`item_id`))) order by `a`.`item_id` ;

-- --------------------------------------------------------

--
-- Structure for view `v_06transaksi`
--
DROP TABLE IF EXISTS `v_06transaksi`;

CREATE ALGORITHM=UNDEFINED DEFINER=`root`@`localhost` SQL SECURITY DEFINER VIEW `v_06transaksi`  AS  select `a`.`item_id` AS `item_id`,`a`.`item_nama` AS `item_nama`,`b`.`tgl_beli` AS `tgl`,`y`.`vendor_nama` AS `vendor_customer`,`b`.`qty` AS `qty`,'M' AS `jenis`,`z`.`satuan_nama` AS `satuan_nama`,`b`.`harga` AS `harga`,`b`.`sub_total` AS `sub_total`,`b`.`beli_id` AS `detail_id` from (((`t_02item` `a` left join `v_13beli` `b` on((`a`.`item_id` = `b`.`item_id`))) left join `t_01vendor` `y` on((`b`.`vendor_id` = `y`.`vendor_id`))) left join `t_03satuan` `z` on((`b`.`satuan_id` = `z`.`satuan_id`))) union all select `a`.`item_id` AS `item_id`,`a`.`item_nama` AS `item_nama`,`b`.`tgl_kirim` AS `tgl_kirim`,`y`.`customer_nama` AS `customer_nama`,`b`.`qty` AS `qty`,'K' AS `K`,`z`.`satuan_nama` AS `satuan_nama`,`b`.`harga` AS `harga`,`b`.`sub_total` AS `sub_total`,`b`.`jual_detail_id` AS `jual_detail_id` from ((((`t_02item` `a` left join `v_14jual_detail` `b` on((`a`.`item_id` = `b`.`item_id`))) left join `t_06jual` `c` on((`b`.`jual_id` = `c`.`jual_id`))) left join `t_05customer` `y` on((`c`.`customer_id` = `y`.`customer_id`))) left join `t_03satuan` `z` on((`b`.`satuan_id` = `z`.`satuan_id`))) union all select `a`.`item_id` AS `item_id`,`a`.`item_nama` AS `item_nama`,`b`.`tgl` AS `tgl`,'Dead-Stock' AS `Dead-Stock`,`b`.`qty` AS `qty`,'K' AS `K`,`c`.`satuan_nama` AS `satuan_nama`,0 AS `0`,0 AS `0`,`b`.`dead_stok_id` AS `dead_stok_id` from ((`t_11dead_stok` `b` left join `t_02item` `a` on((`a`.`item_id` = `b`.`item_id`))) left join `t_03satuan` `c` on((`b`.`satuan_id` = `c`.`satuan_id`))) union all select `a`.`item_id` AS `item_id`,`a`.`item_nama` AS `item_nama`,`b`.`tgl` AS `tgl`,'Retur Penjualan' AS `Retur Penjualan`,`b`.`qty` AS `qty`,'K' AS `K`,`c`.`satuan_nama` AS `satuan_nama`,0 AS `0`,0 AS `0`,`b`.`retur_id` AS `retur_id` from ((`t_12retur` `b` left join `t_02item` `a` on((`a`.`item_id` = `b`.`item_id`))) left join `t_03satuan` `c` on((`b`.`satuan_id` = `c`.`satuan_id`))) order by `item_id`,`tgl`,`jenis` desc,`detail_id` ;

-- --------------------------------------------------------

--
-- Structure for view `v_07mutasi`
--
DROP TABLE IF EXISTS `v_07mutasi`;

CREATE ALGORITHM=UNDEFINED DEFINER=`root`@`localhost` SQL SECURITY DEFINER VIEW `v_07mutasi`  AS  select `v_06transaksi`.`item_id` AS `item_id`,`v_06transaksi`.`item_nama` AS `item_nama`,`v_06transaksi`.`tgl` AS `tgl`,(case `v_06transaksi`.`jenis` when 'M' then `v_06transaksi`.`qty` else 0 end) AS `masuk`,(case `v_06transaksi`.`jenis` when 'K' then `v_06transaksi`.`qty` else 0 end) AS `keluar`,`v_06transaksi`.`qty` AS `saldo`,`v_06transaksi`.`jenis` AS `jenis`,`v_06transaksi`.`detail_id` AS `detail_id` from `v_06transaksi` union all select `a`.`item_id` AS `item_id`,`b`.`item_nama` AS `item_nama`,`a`.`tgl` AS `tgl`,`a`.`qty` AS `qty`,0 AS `0`,`a`.`qty` AS `qty`,'M' AS `M`,0 AS `0` from (`t_08item_saldo` `a` left join `t_02item` `b` on((`a`.`item_id` = `b`.`item_id`))) order by `item_id`,`tgl`,`jenis` desc,`detail_id` ;

-- --------------------------------------------------------

--
-- Structure for view `v_08harga_jual_terakhir`
--
DROP TABLE IF EXISTS `v_08harga_jual_terakhir`;

CREATE ALGORITHM=UNDEFINED DEFINER=`root`@`localhost` SQL SECURITY DEFINER VIEW `v_08harga_jual_terakhir`  AS  select max(`t_07jual_detail`.`tgl_kirim`) AS `tgl_kirim_terakhir`,`t_07jual_detail`.`item_id` AS `item_id`,`t_07jual_detail`.`harga` AS `harga` from `t_07jual_detail` group by `t_07jual_detail`.`item_id` ;

-- --------------------------------------------------------

--
-- Structure for view `v_09margin`
--
DROP TABLE IF EXISTS `v_09margin`;

CREATE ALGORITHM=UNDEFINED DEFINER=`root`@`localhost` SQL SECURITY DEFINER VIEW `v_09margin`  AS  select `b`.`vendor_nama` AS `vendor_nama`,`c`.`item_nama` AS `item_nama`,`d`.`satuan_nama` AS `satuan_nama`,`a`.`harga` AS `harga_beli`,`e`.`harga` AS `harga_jual`,(`e`.`harga` - `a`.`harga`) AS `margin_rp`,(((`e`.`harga` - `a`.`harga`) / `a`.`harga`) * 100) AS `margin_prosen` from ((((`t_04beli` `a` left join `t_01vendor` `b` on((`a`.`vendor_id` = `b`.`vendor_id`))) left join `t_02item` `c` on((`a`.`item_id` = `c`.`item_id`))) left join `t_03satuan` `d` on((`a`.`satuan_id` = `d`.`satuan_id`))) left join `v_08harga_jual_terakhir` `e` on((`a`.`item_id` = `e`.`item_id`))) group by `a`.`harga`,`a`.`item_id` order by `a`.`item_id`,`a`.`tgl_beli` ;

-- --------------------------------------------------------

--
-- Structure for view `v_10hutang`
--
DROP TABLE IF EXISTS `v_10hutang`;

CREATE ALGORITHM=UNDEFINED DEFINER=`root`@`localhost` SQL SECURITY DEFINER VIEW `v_10hutang`  AS  select `b`.`vendor_nama` AS `vendor_nama`,sum(`a`.`sub_total`) AS `tot_hutang`,sum(`a`.`jml_dp`) AS `tot_dp`,sum(`a`.`jml_lunas`) AS `tot_lunas`,(sum(`a`.`sub_total`) - (sum(`a`.`jml_dp`) + sum(`a`.`jml_lunas`))) AS `sisa` from (`t_04beli` `a` left join `t_01vendor` `b` on((`a`.`vendor_id` = `b`.`vendor_id`))) where (((case when isnull(`a`.`jml_dp`) then 0 else `a`.`jml_dp` end) + (case when isnull(`a`.`jml_lunas`) then 0 else `a`.`jml_lunas` end)) < `a`.`sub_total`) group by `a`.`vendor_id` ;

-- --------------------------------------------------------

--
-- Structure for view `v_11piutang`
--
DROP TABLE IF EXISTS `v_11piutang`;

CREATE ALGORITHM=UNDEFINED DEFINER=`root`@`localhost` SQL SECURITY DEFINER VIEW `v_11piutang`  AS  select `a`.`no_po` AS `no_po`,`a`.`tgl` AS `tgl`,`b`.`customer_nama` AS `customer_nama`,`a`.`total` AS `tot_piutang`,`a`.`inv_no` AS `inv_no`,`a`.`inv_tgl` AS `inv_tgl`,`a`.`inv_jml` AS `inv_jml`,`a`.`bayar_tgl` AS `bayar_tgl`,`a`.`bayar_jml` AS `tot_bayar`,(`a`.`total` - (case when isnull(`a`.`bayar_jml`) then 0 else `a`.`bayar_jml` end)) AS `sisa` from (`t_06jual` `a` left join `t_05customer` `b` on((`a`.`customer_id` = `b`.`customer_id`))) where ((case when isnull(`a`.`bayar_jml`) then 0 else `a`.`bayar_jml` end) < `a`.`total`) ;

-- --------------------------------------------------------

--
-- Structure for view `v_12nilai_stok`
--
DROP TABLE IF EXISTS `v_12nilai_stok`;

CREATE ALGORITHM=UNDEFINED DEFINER=`root`@`localhost` SQL SECURITY DEFINER VIEW `v_12nilai_stok`  AS  select `a`.`item_id` AS `item_id`,`a`.`item_nama` AS `item_nama`,`b`.`beli_id` AS `detail_id`,`b`.`tgl_beli` AS `tgl`,`y`.`vendor_nama` AS `vendor_customer`,`b`.`qty` AS `qty`,'M' AS `jenis`,`z`.`satuan_nama` AS `satuan_nama`,`b`.`harga` AS `harga`,`b`.`sub_total` AS `sub_total` from (((`t_02item` `a` left join `v_13beli` `b` on((`a`.`item_id` = `b`.`item_id`))) left join `t_01vendor` `y` on((`b`.`vendor_id` = `y`.`vendor_id`))) left join `t_03satuan` `z` on((`b`.`satuan_id` = `z`.`satuan_id`))) union all select `a`.`item_id` AS `item_id`,`a`.`item_nama` AS `item_nama`,`b`.`jual_detail_id` AS `jual_detail_id`,`b`.`tgl_kirim` AS `tgl_kirim`,`y`.`customer_nama` AS `customer_nama`,`b`.`qty` AS `qty`,'K' AS `K`,`z`.`satuan_nama` AS `satuan_nama`,`b`.`harga` AS `harga`,`b`.`sub_total` AS `sub_total` from ((((`t_02item` `a` left join `v_14jual_detail` `b` on((`a`.`item_id` = `b`.`item_id`))) left join `t_06jual` `c` on((`b`.`jual_id` = `c`.`jual_id`))) left join `t_05customer` `y` on((`c`.`customer_id` = `y`.`customer_id`))) left join `t_03satuan` `z` on((`b`.`satuan_id` = `z`.`satuan_id`))) union all select `a`.`item_id` AS `item_id`,`b`.`item_nama` AS `item_nama`,`a`.`dead_stok_id` AS `dead_stok_id`,`a`.`tgl` AS `tgl`,'Dead-Stock' AS `Dead-Stock`,`a`.`qty` AS `qty`,'K' AS `K`,`c`.`satuan_nama` AS `satuan_nama`,0 AS `0`,0 AS `0` from ((`t_11dead_stok` `a` left join `t_02item` `b` on((`a`.`item_id` = `b`.`item_id`))) left join `t_03satuan` `c` on((`a`.`satuan_id` = `c`.`satuan_id`))) union all select `a`.`item_id` AS `item_id`,`b`.`item_nama` AS `item_nama`,`a`.`retur_id` AS `retur_id`,`a`.`tgl` AS `tgl`,'Retur Penjualan' AS `Retur Penjualan`,`a`.`qty` AS `qty`,'K' AS `K`,`c`.`satuan_nama` AS `satuan_nama`,0 AS `0`,0 AS `0` from ((`t_12retur` `a` left join `t_02item` `b` on((`a`.`item_id` = `b`.`item_id`))) left join `t_03satuan` `c` on((`a`.`satuan_id` = `c`.`satuan_id`))) order by `item_id`,`tgl`,`jenis` desc,`detail_id` ;

-- --------------------------------------------------------

--
-- Structure for view `v_13beli`
--
DROP TABLE IF EXISTS `v_13beli`;

CREATE ALGORITHM=UNDEFINED DEFINER=`root`@`localhost` SQL SECURITY DEFINER VIEW `v_13beli`  AS  select `t_04beli`.`beli_id` AS `beli_id`,`t_04beli`.`tgl_beli` AS `tgl_beli`,`t_04beli`.`tgl_kirim` AS `tgl_kirim`,`t_04beli`.`vendor_id` AS `vendor_id`,`t_04beli`.`item_id` AS `item_id`,`t_04beli`.`qty` AS `qty`,`t_04beli`.`satuan_id` AS `satuan_id`,`t_04beli`.`harga` AS `harga`,`t_04beli`.`sub_total` AS `sub_total`,`t_04beli`.`tgl_dp` AS `tgl_dp`,`t_04beli`.`jml_dp` AS `jml_dp`,`t_04beli`.`tgl_lunas` AS `tgl_lunas`,`t_04beli`.`jml_lunas` AS `jml_lunas` from `t_04beli` order by `t_04beli`.`beli_id` ;

-- --------------------------------------------------------

--
-- Structure for view `v_14jual_detail`
--
DROP TABLE IF EXISTS `v_14jual_detail`;

CREATE ALGORITHM=UNDEFINED DEFINER=`root`@`localhost` SQL SECURITY DEFINER VIEW `v_14jual_detail`  AS  select `t_07jual_detail`.`jual_detail_id` AS `jual_detail_id`,`t_07jual_detail`.`jual_id` AS `jual_id`,`t_07jual_detail`.`tgl_kirim` AS `tgl_kirim`,`t_07jual_detail`.`item_id` AS `item_id`,`t_07jual_detail`.`qty` AS `qty`,`t_07jual_detail`.`satuan_id` AS `satuan_id`,`t_07jual_detail`.`harga` AS `harga`,`t_07jual_detail`.`sub_total` AS `sub_total` from `t_07jual_detail` order by `t_07jual_detail`.`jual_detail_id` ;

-- --------------------------------------------------------

--
-- Structure for view `v_15penjualan`
--
DROP TABLE IF EXISTS `v_15penjualan`;

CREATE ALGORITHM=UNDEFINED DEFINER=`root`@`localhost` SQL SECURITY DEFINER VIEW `v_15penjualan`  AS  select `t_07jual_detail`.`item_id` AS `item_id`,sum((`t_07jual_detail`.`qty` * `t_07jual_detail`.`harga`)) AS `penjualan` from `t_07jual_detail` group by `t_07jual_detail`.`item_id` ;

-- --------------------------------------------------------

--
-- Structure for view `v_16hpp`
--
DROP TABLE IF EXISTS `v_16hpp`;

CREATE ALGORITHM=UNDEFINED DEFINER=`root`@`localhost` SQL SECURITY DEFINER VIEW `v_16hpp`  AS  select `a`.`item_id` AS `item_id`,`a`.`item_nama` AS `item_nama`,`b`.`sap` AS `sap`,sum(`a`.`out_sub_total`) AS `hpp`,`c`.`penjualan` AS `penjualan`,(`c`.`penjualan` - sum(`a`.`out_sub_total`)) AS `lr_kotor` from ((`t_09nilai_stok` `a` left join `t_10sap` `b` on((`a`.`item_id` = `b`.`item_id`))) left join `v_15penjualan` `c` on((`a`.`item_id` = `c`.`item_id`))) group by `a`.`item_id` ;

-- --------------------------------------------------------

--
-- Structure for view `v_17mutasi_detail`
--
DROP TABLE IF EXISTS `v_17mutasi_detail`;

CREATE ALGORITHM=UNDEFINED DEFINER=`root`@`localhost` SQL SECURITY DEFINER VIEW `v_17mutasi_detail`  AS  select `v_06transaksi`.`item_id` AS `item_id`,`v_06transaksi`.`item_nama` AS `item_nama`,`v_06transaksi`.`tgl` AS `tgl`,`v_06transaksi`.`vendor_customer` AS `ket`,(case `v_06transaksi`.`jenis` when 'M' then `v_06transaksi`.`qty` else 0 end) AS `masuk`,(case `v_06transaksi`.`jenis` when 'K' then `v_06transaksi`.`qty` else 0 end) AS `keluar`,`v_06transaksi`.`qty` AS `saldo`,`v_06transaksi`.`jenis` AS `jenis`,`v_06transaksi`.`detail_id` AS `detail_id` from `v_06transaksi` union all select `a`.`item_id` AS `item_id`,`b`.`item_nama` AS `item_nama`,`a`.`tgl` AS `tgl`,'Saldo Awal' AS `Saldo Awal`,`a`.`qty` AS `qty`,0 AS `0`,`a`.`qty` AS `qty`,'M' AS `M`,0 AS `0` from (`t_08item_saldo` `a` left join `t_02item` `b` on((`a`.`item_id` = `b`.`item_id`))) order by `item_id`,`tgl`,`jenis` desc,`detail_id` ;

-- --------------------------------------------------------

--
-- Structure for view `v_18dead_stok`
--
DROP TABLE IF EXISTS `v_18dead_stok`;

CREATE ALGORITHM=UNDEFINED DEFINER=`root`@`localhost` SQL SECURITY DEFINER VIEW `v_18dead_stok`  AS  select `a`.`dead_stok_id` AS `dead_stok_id`,`a`.`tgl` AS `tgl`,`a`.`item_id` AS `item_id`,`a`.`qty` AS `qty`,`a`.`satuan_id` AS `satuan_id`,`b`.`item_nama` AS `item_nama`,`c`.`satuan_nama` AS `satuan_nama` from ((`t_11dead_stok` `a` left join `t_02item` `b` on((`a`.`item_id` = `b`.`item_id`))) left join `t_03satuan` `c` on((`a`.`satuan_id` = `c`.`satuan_id`))) ;

-- --------------------------------------------------------

--
-- Structure for view `v_19drop_cash`
--
DROP TABLE IF EXISTS `v_19drop_cash`;

CREATE ALGORITHM=UNDEFINED DEFINER=`root`@`localhost` SQL SECURITY DEFINER VIEW `v_19drop_cash`  AS  select `a`.`tgl` AS `tgl`,`a`.`jumlah` AS `jumlah`,`a`.`tujuan` AS `tujuan`,`a`.`pemakaian_total` AS `pemakaian_total`,`a`.`sisa` AS `sisa`,`b`.`beli_id` AS `beli_id`,`b`.`tgl_beli` AS `tgl_beli`,`b`.`tgl_kirim` AS `tgl_kirim`,`b`.`vendor_nama` AS `vendor_nama`,`b`.`item_nama` AS `item_nama`,`b`.`qty` AS `qty`,`b`.`satuan_nama` AS `satuan_nama`,`b`.`harga` AS `harga`,`b`.`sub_total` AS `sub_total`,`b`.`tgl_dp` AS `tgl_dp`,`b`.`jml_dp` AS `jml_dp`,`b`.`tgl_lunas` AS `tgl_lunas`,`b`.`jml_lunas` AS `jml_lunas`,`b`.`dc_id` AS `dc_id`,`c`.`branch_nama` AS `branch_nama` from ((`t_14drop_cash` `a` left join `v_01beli_laporan` `b` on((`a`.`dc_id` = `b`.`dc_id`))) left join `t_15branch` `c` on((`a`.`tujuan` = `c`.`branch_id`))) ;

--
-- Indexes for dumped tables
--

--
-- Indexes for table `t_00audit_trail`
--
ALTER TABLE `t_00audit_trail`
  ADD PRIMARY KEY (`id`);

--
-- Indexes for table `t_01vendor`
--
ALTER TABLE `t_01vendor`
  ADD PRIMARY KEY (`vendor_id`),
  ADD UNIQUE KEY `vendor_nama` (`vendor_nama`);

--
-- Indexes for table `t_02item`
--
ALTER TABLE `t_02item`
  ADD PRIMARY KEY (`item_id`),
  ADD UNIQUE KEY `item_nama` (`item_nama`);

--
-- Indexes for table `t_03satuan`
--
ALTER TABLE `t_03satuan`
  ADD PRIMARY KEY (`satuan_id`),
  ADD UNIQUE KEY `satuan_nama` (`satuan_nama`);

--
-- Indexes for table `t_04beli`
--
ALTER TABLE `t_04beli`
  ADD PRIMARY KEY (`beli_id`);

--
-- Indexes for table `t_05customer`
--
ALTER TABLE `t_05customer`
  ADD PRIMARY KEY (`customer_id`),
  ADD UNIQUE KEY `customer_nama` (`customer_nama`);

--
-- Indexes for table `t_06jual`
--
ALTER TABLE `t_06jual`
  ADD PRIMARY KEY (`jual_id`),
  ADD UNIQUE KEY `no_po` (`no_po`);

--
-- Indexes for table `t_07jual_detail`
--
ALTER TABLE `t_07jual_detail`
  ADD PRIMARY KEY (`jual_detail_id`);

--
-- Indexes for table `t_08item_saldo`
--
ALTER TABLE `t_08item_saldo`
  ADD PRIMARY KEY (`sld_id`);

--
-- Indexes for table `t_09nilai_stok`
--
ALTER TABLE `t_09nilai_stok`
  ADD PRIMARY KEY (`id`);

--
-- Indexes for table `t_10sap`
--
ALTER TABLE `t_10sap`
  ADD PRIMARY KEY (`id`);

--
-- Indexes for table `t_11dead_stok`
--
ALTER TABLE `t_11dead_stok`
  ADD PRIMARY KEY (`dead_stok_id`);

--
-- Indexes for table `t_12retur`
--
ALTER TABLE `t_12retur`
  ADD PRIMARY KEY (`retur_id`);

--
-- Indexes for table `t_13kategori`
--
ALTER TABLE `t_13kategori`
  ADD PRIMARY KEY (`kat_id`);

--
-- Indexes for table `t_14drop_cash`
--
ALTER TABLE `t_14drop_cash`
  ADD PRIMARY KEY (`dc_id`);

--
-- Indexes for table `t_15branch`
--
ALTER TABLE `t_15branch`
  ADD PRIMARY KEY (`branch_id`);

--
-- Indexes for table `t_95userlevels`
--
ALTER TABLE `t_95userlevels`
  ADD PRIMARY KEY (`userlevelid`);

--
-- Indexes for table `t_96userlevelpermissions`
--
ALTER TABLE `t_96userlevelpermissions`
  ADD PRIMARY KEY (`userlevelid`,`tablename`);

--
-- Indexes for table `t_97user`
--
ALTER TABLE `t_97user`
  ADD PRIMARY KEY (`user_id`);

--
-- Indexes for table `t_98home_head`
--
ALTER TABLE `t_98home_head`
  ADD PRIMARY KEY (`id`);

--
-- Indexes for table `t_99home`
--
ALTER TABLE `t_99home`
  ADD PRIMARY KEY (`home_id`);

--
-- Indexes for table `userlevelpermissions`
--
ALTER TABLE `userlevelpermissions`
  ADD PRIMARY KEY (`userlevelid`,`tablename`);

--
-- Indexes for table `userlevels`
--
ALTER TABLE `userlevels`
  ADD PRIMARY KEY (`userlevelid`);

--
-- AUTO_INCREMENT for dumped tables
--

--
-- AUTO_INCREMENT for table `t_00audit_trail`
--
ALTER TABLE `t_00audit_trail`
  MODIFY `id` int(11) NOT NULL AUTO_INCREMENT, AUTO_INCREMENT=1439;

--
-- AUTO_INCREMENT for table `t_01vendor`
--
ALTER TABLE `t_01vendor`
  MODIFY `vendor_id` int(11) NOT NULL AUTO_INCREMENT, AUTO_INCREMENT=9;

--
-- AUTO_INCREMENT for table `t_02item`
--
ALTER TABLE `t_02item`
  MODIFY `item_id` int(11) NOT NULL AUTO_INCREMENT, AUTO_INCREMENT=20;

--
-- AUTO_INCREMENT for table `t_03satuan`
--
ALTER TABLE `t_03satuan`
  MODIFY `satuan_id` int(11) NOT NULL AUTO_INCREMENT, AUTO_INCREMENT=4;

--
-- AUTO_INCREMENT for table `t_04beli`
--
ALTER TABLE `t_04beli`
  MODIFY `beli_id` int(11) NOT NULL AUTO_INCREMENT, AUTO_INCREMENT=34;

--
-- AUTO_INCREMENT for table `t_05customer`
--
ALTER TABLE `t_05customer`
  MODIFY `customer_id` int(11) NOT NULL AUTO_INCREMENT, AUTO_INCREMENT=4;

--
-- AUTO_INCREMENT for table `t_06jual`
--
ALTER TABLE `t_06jual`
  MODIFY `jual_id` int(11) NOT NULL AUTO_INCREMENT, AUTO_INCREMENT=8;

--
-- AUTO_INCREMENT for table `t_07jual_detail`
--
ALTER TABLE `t_07jual_detail`
  MODIFY `jual_detail_id` int(11) NOT NULL AUTO_INCREMENT, AUTO_INCREMENT=29;

--
-- AUTO_INCREMENT for table `t_08item_saldo`
--
ALTER TABLE `t_08item_saldo`
  MODIFY `sld_id` int(11) NOT NULL AUTO_INCREMENT, AUTO_INCREMENT=33;

--
-- AUTO_INCREMENT for table `t_09nilai_stok`
--
ALTER TABLE `t_09nilai_stok`
  MODIFY `id` int(11) NOT NULL AUTO_INCREMENT, AUTO_INCREMENT=92;

--
-- AUTO_INCREMENT for table `t_10sap`
--
ALTER TABLE `t_10sap`
  MODIFY `id` int(11) NOT NULL AUTO_INCREMENT, AUTO_INCREMENT=17;

--
-- AUTO_INCREMENT for table `t_11dead_stok`
--
ALTER TABLE `t_11dead_stok`
  MODIFY `dead_stok_id` int(11) NOT NULL AUTO_INCREMENT, AUTO_INCREMENT=2;

--
-- AUTO_INCREMENT for table `t_12retur`
--
ALTER TABLE `t_12retur`
  MODIFY `retur_id` int(11) NOT NULL AUTO_INCREMENT, AUTO_INCREMENT=2;

--
-- AUTO_INCREMENT for table `t_13kategori`
--
ALTER TABLE `t_13kategori`
  MODIFY `kat_id` int(11) NOT NULL AUTO_INCREMENT, AUTO_INCREMENT=4;

--
-- AUTO_INCREMENT for table `t_14drop_cash`
--
ALTER TABLE `t_14drop_cash`
  MODIFY `dc_id` int(11) NOT NULL AUTO_INCREMENT, AUTO_INCREMENT=2;

--
-- AUTO_INCREMENT for table `t_15branch`
--
ALTER TABLE `t_15branch`
  MODIFY `branch_id` int(11) NOT NULL AUTO_INCREMENT, AUTO_INCREMENT=3;

--
-- AUTO_INCREMENT for table `t_97user`
--
ALTER TABLE `t_97user`
  MODIFY `user_id` int(11) NOT NULL AUTO_INCREMENT, AUTO_INCREMENT=5;

--
-- AUTO_INCREMENT for table `t_98home_head`
--
ALTER TABLE `t_98home_head`
  MODIFY `id` int(11) NOT NULL AUTO_INCREMENT, AUTO_INCREMENT=6;

--
-- AUTO_INCREMENT for table `t_99home`
--
ALTER TABLE `t_99home`
  MODIFY `home_id` int(11) NOT NULL AUTO_INCREMENT, AUTO_INCREMENT=49;
COMMIT;

/*!40101 SET CHARACTER_SET_CLIENT=@OLD_CHARACTER_SET_CLIENT */;
/*!40101 SET CHARACTER_SET_RESULTS=@OLD_CHARACTER_SET_RESULTS */;
/*!40101 SET COLLATION_CONNECTION=@OLD_COLLATION_CONNECTION */;
